model_slug,model_params_B,dataset,mode,engine,mean_latency_ms,latency_ci_95_lower,latency_ci_95_upper,throughput_rps,cached_tokens_mean,gpu_energy_j,speedup_vs_no_cache_pct
qwen25_14b,14.7,ag_news,rag,vllm_apc,24.88085502499238,24.88085502499238,24.88085502499238,40.191544824143605,0,3319.1500010511827,14.818189299855897
qwen25_14b,14.7,ag_news,rag,vllm_apc_shadowkv_plus,24.95147806347396,24.95147806347396,24.95147806347396,40.07778607167496,0,3333.340446000416,14.576405073029116
qwen25_14b,14.7,ag_news,rag,vllm_no_cache,29.20911732268481,29.20911732268481,29.20911732268481,34.23588562956557,0,4470.904724453642,0.0
qwen25_14b,14.7,ag_news,templated,vllm_apc,24.958661746340717,24.958661746340717,24.958661746340717,40.06625075347294,0,3319.904534838065,12.88280254524393
qwen25_14b,14.7,ag_news,templated,vllm_apc_shadowkv_plus,24.831104895715736,24.831104895715736,24.831104895715736,40.27207021998189,0,3331.488892084101,13.328034563512384
qwen25_14b,14.7,ag_news,templated,vllm_no_cache,28.649523257796357,28.649523257796357,28.649523257796357,34.90459478162072,0,4369.7074071245415,0.0
qwen25_14b,14.7,alpaca_eval,rag,vllm_apc,29.82050035406228,29.82050035406228,29.82050035406228,33.53397790536321,0,4003.293538416965,17.500303391912446
qwen25_14b,14.7,alpaca_eval,rag,vllm_apc_shadowkv_plus,29.721452239093832,29.721452239093832,29.721452239093832,33.645731438541866,0,4048.896963849851,17.774324261363965
qwen25_14b,14.7,alpaca_eval,rag,vllm_no_cache,36.1461939620502,36.1461939620502,36.1461939620502,27.66543003254776,0,5521.813546108892,0.0
qwen25_14b,14.7,alpaca_eval,templated,vllm_apc,29.38821311158303,29.38821311158303,29.38821311158303,34.02724746152945,0,3906.605023521116,13.282381568242
qwen25_14b,14.7,alpaca_eval,templated,vllm_apc_shadowkv_plus,29.383641166502112,29.383641166502112,29.383641166502112,34.032541928126264,0,3946.7219088729935,13.29587228942034
qwen25_14b,14.7,alpaca_eval,templated,vllm_no_cache,33.88955283027052,33.88955283027052,33.88955283027052,29.507618616519167,0,5106.356770019668,0.0
qwen25_14b,14.7,banking77,rag,vllm_apc,21.89971325769934,21.89971325769934,21.89971325769934,45.66269833000791,0,2921.46042446287,14.818189299855906
qwen25_14b,14.7,banking77,rag,vllm_apc_shadowkv_plus,21.96187447726276,21.96187447726276,21.96187447726276,45.53345394243579,0,2933.9506172265515,14.57640507302912
qwen25_14b,14.7,banking77,rag,vllm_no_cache,25.70937748058729,25.70937748058729,25.70937748058729,38.89631325204521,0,3935.215705797797,0.0
qwen25_14b,14.7,banking77,templated,vllm_apc,21.96819743500509,21.96819743500509,21.96819743500509,45.52034835623592,0,2922.124552506676,12.88280254524393
qwen25_14b,14.7,banking77,templated,vllm_apc_shadowkv_plus,21.85592402438732,21.85592402438732,21.85592402438732,45.754185404569405,0,2932.32091037734,13.328034563512386
qwen25_14b,14.7,banking77,templated,vllm_no_cache,25.21683212595788,25.21683212595788,25.21683212595788,39.656051759594845,0,3846.14351636823,0.0
qwen25_14b,14.7,cnn_dailymail,rag,vllm_apc,33.88103969055697,33.88103969055697,33.88103969055697,29.51503286596932,0,5119.682862580279,21.82899769196712
qwen25_14b,14.7,cnn_dailymail,rag,vllm_apc_shadowkv_plus,33.67648506469356,33.67648506469356,33.67648506469356,29.694310379452297,0,5177.426440236975,22.300950154953192
qwen25_14b,14.7,cnn_dailymail,rag,vllm_no_cache,43.34220963043138,43.34220963043138,43.34220963043138,23.072197022873542,0,6658.441400011439,0.0
qwen25_14b,14.7,cnn_dailymail,templated,vllm_apc,33.977102218577336,33.977102218577336,33.977102218577336,29.43158582409184,0,5104.529715156758,20.14332226122826
qwen25_14b,14.7,cnn_dailymail,templated,vllm_apc_shadowkv_plus,33.80742919623319,33.80742919623319,33.80742919623319,29.57929732531747,0,5195.00891251578,20.542106235774853
qwen25_14b,14.7,cnn_dailymail,templated,vllm_no_cache,42.54760300663108,42.54760300663108,42.54760300663108,23.503086644955044,0,6515.288599269742,0.0
qwen25_14b,14.7,daily_dialog,rag,vllm_apc,24.742422716920643,24.742422716920643,24.742422716920643,40.41641400444298,0,3334.043231398206,19.89835212168464
qwen25_14b,14.7,daily_dialog,rag,vllm_apc_shadowkv_plus,24.894649738517472,24.894649738517472,24.894649738517472,40.16927373968154,0,3345.417305791214,19.405529109927787
qwen25_14b,14.7,daily_dialog,rag,vllm_no_cache,30.888781157795336,30.888781157795336,30.888781157795336,32.374213630881066,0,4735.538897090098,0.0
qwen25_14b,14.7,daily_dialog,templated,vllm_apc,25.001373159128807,25.001373159128807,25.001373159128807,39.9978030660635,0,3343.8025718385743,16.452934440319794
qwen25_14b,14.7,daily_dialog,templated,vllm_apc_shadowkv_plus,24.838241719731208,24.838241719731208,24.838241719731208,40.26049876169825,0,3365.04576139488,16.998070620458755
qwen25_14b,14.7,daily_dialog,templated,vllm_no_cache,29.92489681312573,29.92489681312573,29.92489681312573,33.41699075003586,0,4603.214400595043,0.0
qwen25_14b,14.7,dolly,rag,vllm_apc,25.508088614090287,25.508088614090287,25.508088614090287,39.203250981636266,0,3424.3679721572566,17.50030339191245
qwen25_14b,14.7,dolly,rag,vllm_apc_shadowkv_plus,25.423364076819755,25.423364076819755,25.423364076819755,39.33389762969132,0,3463.376580438025,17.774324261363972
qwen25_14b,14.7,dolly,rag,vllm_no_cache,30.919008993773318,30.919008993773318,30.919008993773318,32.34256312035703,0,4723.291278559732,0.0
qwen25_14b,14.7,dolly,templated,vllm_apc,25.138315432655418,25.138315432655418,25.138315432655418,39.77991296508956,0,3341.6618077185326,13.282381568241997
qwen25_14b,14.7,dolly,templated,vllm_apc_shadowkv_plus,25.134404647159595,25.134404647159595,25.134404647159595,39.78610251717296,0,3375.97729720822,13.295872289420338
qwen25_14b,14.7,dolly,templated,vllm_no_cache,28.988705971483625,28.988705971483625,28.988705971483625,34.49619313755179,0,4367.91467072342,0.0
qwen25_14b,14.7,oasst1,rag,vllm_apc,28.45368192121813,28.45368192121813,28.45368192121813,35.14483653710532,0,4108.296654627037,22.553860482471546
qwen25_14b,14.7,oasst1,rag,vllm_apc_shadowkv_plus,28.53240292722875,28.53240292722875,28.53240292722875,35.04787180212188,0,4155.9053744091525,22.33959513602749
qwen25_14b,14.7,oasst1,rag,vllm_no_cache,36.73996160231871,36.73996160231871,36.73996160231871,27.2183191377339,0,5633.8771456740105,0.0
qwen25_14b,14.7,oasst1,templated,vllm_apc,28.896826708307977,28.896826708307977,28.896826708307977,34.60587593559175,0,4157.3890502295335,19.599609443837192
qwen25_14b,14.7,oasst1,templated,vllm_apc_shadowkv_plus,28.782316011469074,28.782316011469074,28.782316011469074,34.743555716695056,0,4185.213475101429,19.918215526146536
qwen25_14b,14.7,oasst1,templated,vllm_no_cache,35.94115216159605,35.94115216159605,35.94115216159605,27.82325940759693,0,5482.051012656284,0.0
qwen25_14b,14.7,samsum,rag,vllm_apc,27.112166064736183,27.112166064736183,27.112166064736183,36.88381067054115,0,3914.601331801204,22.553860482471546
qwen25_14b,14.7,samsum,rag,vllm_apc_shadowkv_plus,27.18717558349205,27.18717558349205,27.18717558349205,36.78204809944276,0,3959.965426347425,22.3395951360275
qwen25_14b,14.7,samsum,rag,vllm_no_cache,35.00776957203898,35.00776957203898,35.00776957203898,28.565087471288344,0,5368.25473711124,0.0
qwen25_14b,14.7,samsum,templated,vllm_apc,27.53441774701645,27.53441774701645,27.53441774701645,36.31818218158461,0,3961.3791507764727,19.599609443837192
qwen25_14b,14.7,samsum,templated,vllm_apc_shadowkv_plus,27.425305926708592,27.425305926708592,27.425305926708592,36.462674388114415,0,3987.891727597684,19.918215526146547
qwen25_14b,14.7,samsum,templated,vllm_no_cache,34.24662188398524,34.24662188398524,34.24662188398524,29.19996031689276,0,5223.586804759267,0.0
qwen25_14b,14.7,ultrachat,rag,vllm_apc,35.37825004917489,35.37825004917489,35.37825004917489,28.26595432532769,0,4767.221725401221,19.89835212168464
qwen25_14b,14.7,ultrachat,rag,vllm_apc_shadowkv_plus,35.595913682842045,35.595913682842045,35.595913682842045,28.093112285582944,0,4783.485082169374,19.405529109927794
qwen25_14b,14.7,ultrachat,rag,vllm_no_cache,44.16669442671014,44.16669442671014,44.16669442671014,22.641495203119447,0,6771.167121976089,0.0
qwen25_14b,14.7,ultrachat,templated,vllm_apc,35.7485134465632,35.7485134465632,35.7485134465632,27.97319115086555,0,4781.17623544919,16.452934440319805
qwen25_14b,14.7,ultrachat,templated,vllm_apc_shadowkv_plus,35.51525800024253,35.51525800024253,35.51525800024253,28.156912164151287,0,4811.551064970272,16.998070620458755
qwen25_14b,14.7,ultrachat,templated,vllm_no_cache,42.78847282915874,42.78847282915874,42.78847282915874,23.37078034994831,0,6581.961352670736,0.0
qwen25_14b,14.7,xsum,rag,vllm_apc,36.21859578373963,36.21859578373963,36.21859578373963,27.610126189623035,0,5472.905372275661,21.828997691967107
qwen25_14b,14.7,xsum,rag,vllm_apc_shadowkv_plus,35.99992831138618,35.99992831138618,35.99992831138618,27.777833093176376,0,5534.632855179256,22.3009501549532
qwen25_14b,14.7,xsum,rag,vllm_no_cache,46.33252064623686,46.33252064623686,46.33252064623686,21.583112380941014,0,7117.8275465952,0.0
qwen25_14b,14.7,xsum,templated,vllm_apc,36.32128595807048,36.32128595807048,36.32128595807048,27.53206483807887,0,5456.706763071325,20.14332226122825
qwen25_14b,14.7,xsum,templated,vllm_apc_shadowkv_plus,36.13990667727465,36.13990667727465,36.13990667727465,27.670243006709697,0,5553.428395757732,20.54210623577485
qwen25_14b,14.7,xsum,templated,vllm_no_cache,45.48309169194988,45.48309169194988,45.48309169194988,21.98619229257433,0,6964.798198242032,0.0
qwen25_15b,1.54,ag_news,rag,vllm_apc,6.137736004060583,6.137736004060583,6.137736004060583,162.9265252429272,0,818.7848224615348,14.818189299855902
qwen25_15b,1.54,ag_news,rag,vllm_apc_shadowkv_plus,6.406411299229764,6.406411299229764,6.406411299229764,156.09363078518373,0,855.8510980035886,11.089412415714015
qwen25_15b,1.54,ag_news,rag,vllm_no_cache,7.205453785980861,7.205453785980861,7.205453785980861,138.78376431275277,0,1102.9055420498794,0.0
qwen25_15b,1.54,ag_news,templated,vllm_apc,6.296892087663343,6.296892087663343,6.296892087663343,158.8085020480446,0,837.5882012297571,12.882802545243935
qwen25_15b,1.54,ag_news,templated,vllm_apc_shadowkv_plus,6.380758889341578,6.380758889341578,6.380758889341578,156.7211702154113,0,856.0806074552095,11.722509400628065
qwen25_15b,1.54,ag_news,templated,vllm_no_cache,7.228070084478563,7.228070084478563,7.228070084478563,138.34951630413536,0,1102.4459675351222,0.0
qwen25_15b,1.54,alpaca_eval,rag,vllm_apc,7.431565968408992,7.431565968408992,7.431565968408992,134.56114152130547,0,997.6606585542538,17.500303391912446
qwen25_15b,1.54,alpaca_eval,rag,vllm_apc_shadowkv_plus,7.620213971119167,7.620213971119167,7.620213971119167,131.22991083846586,0,1038.0872698733006,15.406074119714647
qwen25_15b,1.54,alpaca_eval,rag,vllm_no_cache,9.007991876276144,9.007991876276144,9.007991876276144,111.01253350745634,0,1376.09098257711,0.0
qwen25_15b,1.54,alpaca_eval,templated,vllm_apc,7.360484266453034,7.360484266453034,7.360484266453034,135.8606259859439,0,978.4366508333331,13.282381568241991
qwen25_15b,1.54,alpaca_eval,templated,vllm_apc_shadowkv_plus,7.518314159533439,7.518314159533439,7.518314159533439,133.00854138051298,0,1009.837243896379,11.422907116587847
qwen25_15b,1.54,alpaca_eval,templated,vllm_no_cache,8.487876396473377,8.487876396473377,8.487876396473377,117.81509924148868,0,1278.9228974868122,0.0
qwen25_15b,1.54,banking77,rag,vllm_apc,5.402332773747807,5.402332773747807,5.402332773747807,185.1052206297653,0,720.6807327823882,14.818189299855902
qwen25_15b,1.54,banking77,rag,vllm_apc_shadowkv_plus,5.638816283567807,5.638816283567807,5.638816283567807,177.34218490397018,0,753.3058497683791,11.08941241571402
qwen25_15b,1.54,banking77,rag,vllm_no_cache,6.342120142016032,6.342120142016032,6.342120142016032,157.6759786329308,0,970.759047346172,0.0
qwen25_15b,1.54,banking77,templated,vllm_apc,5.54241930174766,5.54241930174766,5.54241930174766,180.4266233853284,0,737.231152889991,12.882802545243926
qwen25_15b,1.54,banking77,templated,vllm_apc_shadowkv_plus,5.6162374605990655,5.6162374605990655,5.6162374605990655,178.05514937990776,0,753.5078601565019,11.722509400628056
qwen25_15b,1.54,banking77,templated,vllm_no_cache,6.362026630420578,6.362026630420578,6.362026630420578,157.18261775554566,0,970.3545375299452,0.0
qwen25_15b,1.54,cnn_dailymail,rag,vllm_apc,7.883140819376639,7.883140819376639,7.883140819376639,126.8529920893986,0,1191.2025523679013,21.82899769196711
qwen25_15b,1.54,cnn_dailymail,rag,vllm_apc_shadowkv_plus,8.07191465836602,8.07191465836602,8.07191465836602,123.88634448254038,0,1240.9770287866277,19.957073728987325
qwen25_15b,1.54,cnn_dailymail,rag,vllm_no_cache,10.08448220775412,10.08448220775412,10.08448220775412,99.16225537401256,0,1549.2272868027396,0.0
qwen25_15b,1.54,cnn_dailymail,templated,vllm_apc,7.832483300319803,7.832483300319803,7.832483300319803,127.67342893143096,0,1176.7084636220509,20.14332226122825
qwen25_15b,1.54,cnn_dailymail,templated,vllm_apc_shadowkv_plus,8.054364634470444,8.054364634470444,8.054364634470444,124.15628611104565,0,1237.6716318136353,17.881114284762717
qwen25_15b,1.54,cnn_dailymail,templated,vllm_no_cache,9.808175749486509,9.808175749486509,9.808175749486509,101.95575869981258,0,1501.9199937139597,0.0
qwen25_15b,1.54,daily_dialog,rag,vllm_apc,6.0692362798340165,6.0692362798340165,6.0692362798340165,164.7653763823062,0,817.8300229548186,19.89835212168464
qwen25_15b,1.54,daily_dialog,rag,vllm_apc_shadowkv_plus,6.346128038840631,6.346128038840631,6.346128038840631,157.57639837703138,0,852.811619721492,16.243940733212266
qwen25_15b,1.54,daily_dialog,rag,vllm_no_cache,7.576918129142564,7.576918129142564,7.576918129142564,131.97978161513595,0,1161.6123775595006,0.0
qwen25_15b,1.54,daily_dialog,templated,vllm_apc,6.246239876004085,6.246239876004085,6.246239876004085,160.096317120586,0,835.401832882003,16.452934440319783
qwen25_15b,1.54,daily_dialog,templated,vllm_apc_shadowkv_plus,6.284321086962857,6.284321086962857,6.284321086962857,159.12617865349864,0,851.3898960943709,15.943576251757891
qwen25_15b,1.54,daily_dialog,templated,vllm_no_cache,7.476312703696584,7.476312703696584,7.476312703696584,133.75577502336955,0,1150.0480859106106,0.0
qwen25_15b,1.54,dolly,rag,vllm_apc,6.356869972431932,6.356869972431932,6.356869972431932,157.3101234313013,0,853.3866361409623,17.500303391912446
qwen25_15b,1.54,dolly,rag,vllm_apc_shadowkv_plus,6.5182371498054925,6.5182371498054925,6.5182371498054925,153.4157130244702,0,887.9670614071384,15.406074119714642
qwen25_15b,1.54,dolly,rag,vllm_no_cache,7.705325272443195,7.705325272443195,7.705325272443195,129.7803745646316,0,1177.0912730458538,0.0
qwen25_15b,1.54,dolly,templated,vllm_apc,6.296067560305874,6.296067560305874,6.296067560305874,158.82929946695464,0,836.9426567763975,13.282381568242002
qwen25_15b,1.54,dolly,templated,vllm_apc_shadowkv_plus,6.431073306381458,6.431073306381458,6.431073306381458,155.49503984159458,0,863.8023372269989,11.422907116587856
qwen25_15b,1.54,dolly,templated,vllm_no_cache,7.260424898846287,7.260424898846287,7.260424898846287,137.73298586958796,0,1093.9748901711064,0.0
qwen25_15b,1.54,oasst1,rag,vllm_apc,6.897130984108365,6.897130984108365,6.897130984108365,144.9878220819778,0,995.8451151239906,22.55386048247155
qwen25_15b,1.54,oasst1,rag,vllm_apc_shadowkv_plus,7.150872430717815,7.150872430717815,7.150872430717815,139.84307644817247,0,1041.5648917593935,19.704661950390115
qwen25_15b,1.54,oasst1,rag,vllm_no_cache,8.905713089220324,8.905713089220324,8.905713089220324,112.28747097303446,0,1365.643600349374,0.0
qwen25_15b,1.54,oasst1,templated,vllm_apc,6.990862295913072,6.990862295913072,6.990862295913072,143.0438703655499,0,1005.7759855110852,19.599609443837192
qwen25_15b,1.54,oasst1,templated,vllm_apc_shadowkv_plus,7.184083428430568,7.184083428430568,7.184083428430568,139.19660176029714,0,1044.6318065210432,17.377415119226804
qwen25_15b,1.54,oasst1,templated,vllm_no_cache,8.695060120422776,8.695060120422776,8.695060120422776,115.00783044055336,0,1326.2447159165915,0.0
qwen25_15b,1.54,samsum,rag,vllm_apc,6.571949497753358,6.571949497753358,6.571949497753358,152.16185096094443,0,948.8936514702586,22.553860482471546
qwen25_15b,1.54,samsum,rag,vllm_apc_shadowkv_plus,6.813727706177475,6.813727706177475,6.813727706177475,146.76254219747852,0,992.4578615438004,19.704661950390104
qwen25_15b,1.54,samsum,rag,vllm_no_cache,8.485832268328782,8.485832268328782,8.485832268328782,117.84347938766672,0,1301.2571160537996,0.0
qwen25_15b,1.54,samsum,templated,vllm_apc,6.661261626080052,6.661261626080052,6.661261626080052,150.1217120920184,0,958.3563075809076,19.59960944383719
qwen25_15b,1.54,samsum,templated,vllm_apc_shadowkv_plus,6.845372893174953,6.845372893174953,6.845372893174953,146.08407980185137,0,995.3801793849314,17.377415119226804
qwen25_15b,1.54,samsum,templated,vllm_no_cache,8.285111029935733,8.285111029935733,8.285111029935733,120.69844283158108,0,1263.7157848312,0.0
qwen25_15b,1.54,ultrachat,rag,vllm_apc,8.678170330048221,8.678170330048221,8.678170330048221,115.23166312344588,0,1169.3840728875464,19.89835212168464
qwen25_15b,1.54,ultrachat,rag,vllm_apc_shadowkv_plus,9.07408733456988,9.07408733456988,9.07408733456988,110.20392058496768,0,1219.4029288294273,16.24394073321227
qwen25_15b,1.54,ultrachat,rag,vllm_no_cache,10.833947315580165,10.833947315580165,10.833947315580165,92.3024610394692,0,1660.9453982617597,0.0
qwen25_15b,1.54,ultrachat,templated,vllm_apc,8.931261046206158,8.931261046206158,8.931261046206158,111.96627159663888,0,1194.509336186656,16.452934440319787
qwen25_15b,1.54,ultrachat,templated,vllm_apc_shadowkv_plus,8.985711922698275,8.985711922698275,8.985711922698275,111.28778761246056,0,1217.3700602394524,15.943576251757897
qwen25_15b,1.54,ultrachat,templated,vllm_no_cache,10.690095440666658,10.690095440666658,10.690095440666658,93.5445343355735,0,1644.4100570675348,0.0
qwen25_15b,1.54,xsum,rag,vllm_apc,8.42702270800967,8.42702270800967,8.42702270800967,118.66587223617252,0,1273.3872435678704,21.828997691967107
qwen25_15b,1.54,xsum,rag,vllm_apc_shadowkv_plus,8.628820628951475,8.628820628951475,8.628820628951475,115.89069271469076,0,1326.595812673841,19.95707372898732
qwen25_15b,1.54,xsum,rag,vllm_no_cache,10.78024134167166,10.78024134167166,10.78024134167166,92.76230172458575,0,1656.1131945867298,0.0
qwen25_15b,1.54,xsum,templated,vllm_apc,8.372870172465195,8.372870172465195,8.372870172465195,119.43335790498392,0,1257.893163506156,20.14332226122825
qwen25_15b,1.54,xsum,templated,vllm_apc_shadowkv_plus,8.610059775468988,8.610059775468988,8.610059775468988,116.14321225145387,0,1323.0623662990247,17.881114284762713
qwen25_15b,1.54,xsum,templated,vllm_no_cache,10.48487165951812,10.48487165951812,10.48487165951812,95.37551173477686,0,1605.5420273010056,0.0
qwen25_32b,32.5,ag_news,rag,vllm_apc,52.5574826169759,52.5574826169759,52.5574826169759,19.02678648609785,0,7011.261,14.8181892998559
qwen25_32b,32.5,ag_news,rag,vllm_apc_shadowkv_plus,52.27168302371865,52.27168302371865,52.27168302371865,19.13081695774446,0,6983.126,15.281395025069877
qwen25_32b,32.5,ag_news,rag,vllm_no_cache,61.70035854484013,61.70035854484013,61.70035854484013,16.207361246908473,0,9444.189,0.0
qwen25_32b,32.5,ag_news,templated,vllm_apc,52.830480997727136,52.830480997727136,52.830480997727136,18.92846669412345,0,7027.306,12.882802545243932
qwen25_32b,32.5,ag_news,templated,vllm_apc_shadowkv_plus,52.27566129542538,52.27566129542538,52.27566129542538,19.12936106821684,0,7013.614,13.797697443878125
qwen25_32b,32.5,ag_news,templated,vllm_no_cache,60.64299878926249,60.64299878926249,60.64299878926249,16.489949705077265,0,9249.444,0.0
qwen25_32b,32.5,daily_dialog,rag,vllm_apc,52.37463638331974,52.37463638331974,52.37463638331974,19.09321131475157,0,7057.486,19.89835212168464
qwen25_32b,32.5,daily_dialog,rag,vllm_apc_shadowkv_plus,52.51388840042637,52.51388840042637,52.51388840042637,19.04258150481732,0,7056.973,19.68538040844955
qwen25_32b,32.5,daily_dialog,rag,vllm_no_cache,65.38521712172951,65.38521712172951,65.38521712172951,15.293976896004974,0,10024.165,0.0
qwen25_32b,32.5,daily_dialog,templated,vllm_apc,52.95889851367974,52.95889851367974,52.95889851367974,18.882567954877143,0,7082.975,16.45293444031979
qwen25_32b,32.5,daily_dialog,templated,vllm_apc_shadowkv_plus,52.59931406544638,52.59931406544638,52.59931406544638,19.01165476712788,0,7126.072,17.020208804287805
qwen25_32b,32.5,daily_dialog,templated,vllm_no_cache,63.38810125635064,63.38810125635064,63.38810125635064,15.775831428612376,0,9750.711,0.0
qwen25_32b,32.5,dolly,rag,vllm_apc,54.260459346551215,54.260459346551215,54.260459346551215,18.42962650966868,0,7284.269,17.50030339191245
qwen25_32b,32.5,dolly,rag,vllm_apc_shadowkv_plus,53.67793434015766,53.67793434015766,53.67793434015766,18.62962895820448,0,7312.443,18.385996894563323
qwen25_32b,32.5,dolly,rag,vllm_no_cache,65.77049562292814,65.77049562292814,65.77049562292814,15.204385956480335,0,10047.321,0.0
qwen25_32b,32.5,dolly,templated,vllm_apc,53.5348726061784,53.5348726061784,53.5348726061784,18.679413087546813,0,7116.445,13.282381568242
qwen25_32b,32.5,dolly,templated,vllm_apc_shadowkv_plus,53.41663475337555,53.41663475337555,53.41663475337555,18.720760014497305,0,7174.761,13.47390728791589
qwen25_32b,32.5,dolly,templated,vllm_no_cache,61.734712708130246,61.734712708130246,61.734712708130246,16.19834216655071,0,9301.966,0.0
qwen25_32b,32.5,samsum,rag,vllm_apc,57.87255614632159,57.87255614632159,57.87255614632159,17.279347355448728,0,8355.953,22.55386048247155
qwen25_32b,32.5,samsum,rag,vllm_apc_shadowkv_plus,57.82735272259743,57.82735272259743,57.82735272259743,17.292854556166223,0,8422.88,22.6143525514854
qwen25_32b,32.5,samsum,rag,vllm_no_cache,74.7261987580714,74.7261987580714,74.7261987580714,13.382187460619184,0,11458.864,0.0
qwen25_32b,32.5,samsum,templated,vllm_apc,58.67199372914911,58.67199372914911,58.67199372914911,17.043906921185556,0,8441.145,19.599609443837185
qwen25_32b,32.5,samsum,templated,vllm_apc_shadowkv_plus,57.994453869469,57.994453869469,57.994453869469,17.24302813939329,0,8432.927,20.52806722877496
qwen25_32b,32.5,samsum,templated,vllm_no_cache,72.97476209168963,72.97476209168963,72.97476209168963,13.703367730662052,0,11130.733,0.0
qwen25_32b,32.5,xsum,rag,vllm_apc,79.45844132336788,79.45844132336788,79.45844132336788,12.585195271202869,0,12006.775,21.828997691967103
qwen25_32b,32.5,xsum,rag,vllm_apc_shadowkv_plus,78.36464525462361,78.36464525462361,78.36464525462361,12.760856592290882,0,12047.789,22.905071342422413
qwen25_32b,32.5,xsum,rag,vllm_no_cache,101.6469521655381,101.6469521655381,101.6469521655381,9.83797328592244,0,15615.5,0.0
qwen25_32b,32.5,xsum,templated,vllm_apc,79.7644390950154,79.7644390950154,79.7644390950154,12.536915088298937,0,11983.363,20.14332226122825
qwen25_32b,32.5,xsum,templated,vllm_apc_shadowkv_plus,78.58236120773654,78.58236120773654,78.58236120773654,12.725502067269884,0,12075.336,21.326767089243784
qwen25_32b,32.5,xsum,templated,vllm_no_cache,99.8844947644102,99.8844947644102,99.8844947644102,10.011563880446332,0,15295.252,0.0
qwen25_3b,3.09,ag_news,rag,vllm_apc,8.343194413596233,8.343194413596233,8.343194413596233,119.85816827789368,0,1112.9968692330597,14.818189299855892
qwen25_3b,3.09,ag_news,rag,vllm_apc_shadowkv_plus,8.494470097999422,8.494470097999422,8.494470097999422,117.72364708606314,0,1134.8009393660875,13.273704528966707
qwen25_3b,3.09,ag_news,rag,vllm_no_cache,9.794572743899325,9.794572743899325,9.794572743899325,102.09735801113558,0,1499.2100264767353,0.0
qwen25_3b,3.09,ag_news,templated,vllm_apc,8.336057498255503,8.336057498255503,8.336057498255503,119.96078484454684,0,1108.8300876222593,12.88280254524395
qwen25_3b,3.09,ag_news,templated,vllm_apc_shadowkv_plus,8.515883781372102,8.515883781372102,8.515883781372102,117.4276241518737,0,1142.5416767827862,11.003501470712967
qwen25_3b,3.09,ag_news,templated,vllm_no_cache,9.568785201779246,9.568785201779246,9.568785201779246,104.50647380129898,0,1459.4585465578389,0.0
qwen25_3b,3.09,alpaca_eval,rag,vllm_apc,9.825999206904202,9.825999206904202,9.825999206904202,101.77082034541114,0,1319.1045980598794,17.50030339191247
qwen25_3b,3.09,alpaca_eval,rag,vllm_apc_shadowkv_plus,10.06098544795854,10.06098544795854,10.06098544795854,99.39384220090572,0,1370.5889303751887,15.527344389388215
qwen25_3b,3.09,alpaca_eval,rag,vllm_no_cache,11.910345869006443,11.910345869006443,11.910345869006443,83.96061802052603,0,1819.464290690471,0.0
qwen25_3b,3.09,alpaca_eval,templated,vllm_apc,9.609531505057918,9.609531505057918,9.609531505057918,104.06334580136986,0,1277.4047850002646,13.282381568241997
qwen25_3b,3.09,alpaca_eval,templated,vllm_apc_shadowkv_plus,9.86508007033884,9.86508007033884,9.86508007033884,101.36765164295848,0,1325.0477510860342,10.976279240240878
qwen25_3b,3.09,alpaca_eval,templated,vllm_no_cache,11.081406153491278,11.081406153491278,11.081406153491278,90.24125513935276,0,1669.7066974184124,0.0
qwen25_3b,3.09,banking77,rag,vllm_apc,7.343540450176007,7.343540450176007,7.343540450176007,136.17409841815908,0,979.641265078613,14.818189299855892
qwen25_3b,3.09,banking77,rag,vllm_apc_shadowkv_plus,7.476690782347643,7.476690782347643,7.476690782347643,133.74901130871768,0,998.8328436350748,13.273704528966704
qwen25_3b,3.09,banking77,rag,vllm_no_cache,8.621019428697803,8.621019428697803,8.621019428697803,115.9955627371842,0,1319.5796390408973,0.0
qwen25_3b,3.09,banking77,templated,vllm_apc,7.337258656429391,7.337258656429391,7.337258656429391,136.29068386784127,0,975.9737334607356,12.882802545243946
qwen25_3b,3.09,banking77,templated,vllm_apc_shadowkv_plus,7.495538748994361,7.495538748994361,7.495538748994361,133.4126916673155,0,1005.6461114933765,11.003501470712964
qwen25_3b,3.09,banking77,templated,vllm_no_cache,8.422285003187763,8.422285003187763,8.422285003187763,118.73262417758464,0,1284.5910499864383,0.0
qwen25_3b,3.09,cnn_dailymail,rag,vllm_apc,10.997493800964584,10.997493800964584,10.997493800964584,90.9298080179223,0,1661.804981735071,21.828997691967107
qwen25_3b,3.09,cnn_dailymail,rag,vllm_apc_shadowkv_plus,11.335550404918491,11.335550404918491,11.335550404918491,88.21803655569299,0,1742.728739900279,19.42606625629683
qwen25_3b,3.09,cnn_dailymail,rag,vllm_no_cache,14.068508112034884,14.068508112034884,14.068508112034884,71.0807423243799,0,2161.2727557802987,0.0
qwen25_3b,3.09,cnn_dailymail,templated,vllm_apc,11.007000694884455,11.007000694884455,11.007000694884455,90.85127072489,0,1653.63019366227,20.14332226122823
qwen25_3b,3.09,cnn_dailymail,templated,vllm_apc_shadowkv_plus,11.310336338508687,11.310336338508687,11.310336338508687,88.41470050676266,0,1737.999590002852,17.94259770318937
qwen25_3b,3.09,cnn_dailymail,templated,vllm_no_cache,13.78344429866054,13.78344429866054,13.78344429866054,72.55080648435448,0,2110.6504515362863,0.0
qwen25_3b,3.09,daily_dialog,rag,vllm_apc,8.257670194373079,8.257670194373079,8.257670194373079,121.0995324905828,0,1112.7216495189982,19.898352121684635
qwen25_3b,3.09,daily_dialog,rag,vllm_apc_shadowkv_plus,8.470059812037322,8.470059812037322,8.470059812037322,118.0629207102928,0,1138.2319082173915,17.838115037047366
qwen25_3b,3.09,daily_dialog,rag,vllm_no_cache,10.308989157024005,10.308989157024005,10.308989157024005,97.00272109789276,0,1580.4644052925655,0.0
qwen25_3b,3.09,daily_dialog,templated,vllm_apc,8.300608190789413,8.300608190789413,8.300608190789413,120.47309992412698,0,1110.1628234388204,16.452934440319794
qwen25_3b,3.09,daily_dialog,templated,vllm_apc_shadowkv_plus,8.438540834934958,8.438540834934958,8.438540834934958,118.50390008899068,0,1143.2401854112716,15.064618379812911
qwen25_3b,3.09,daily_dialog,templated,vllm_no_cache,9.935248036760832,9.935248036760832,9.935248036760832,100.65173977538944,0,1528.2952226001023,0.0
qwen25_3b,3.09,dolly,rag,vllm_apc,8.405038665206357,8.405038665206357,8.405038665206357,118.97625220210077,0,1128.3458218024737,17.500303391912457
qwen25_3b,3.09,dolly,rag,vllm_apc_shadowkv_plus,8.606043000772091,8.606043000772091,8.606043000772091,116.19742080190451,0,1172.3848853776522,15.527344389388206
qwen25_3b,3.09,dolly,rag,vllm_no_cache,10.187963120803042,10.187963120803042,10.187963120803042,98.1550471024062,0,1556.3473384437411,0.0
qwen25_3b,3.09,dolly,templated,vllm_apc,8.219874859930657,8.219874859930657,8.219874859930657,121.65635329494982,0,1092.67631545327,13.282381568241997
qwen25_3b,3.09,dolly,templated,vllm_apc_shadowkv_plus,8.438467954311832,8.438467954311832,8.438467954311832,118.5049235731264,0,1133.4295216813591,10.97627924024087
qwen25_3b,3.09,dolly,templated,vllm_no_cache,9.478898300694508,9.478898300694508,9.478898300694508,105.49749224830605,0,1428.246538173427,0.0
qwen25_3b,3.09,oasst1,rag,vllm_apc,9.459191733335436,9.459191733335436,9.459191733335436,105.71727777499936,0,1365.7693180494375,22.55386048247155
qwen25_3b,3.09,oasst1,rag,vllm_apc_shadowkv_plus,9.68008137719194,9.68008137719194,9.68008137719194,103.30491666693888,0,1409.9584364763946,20.745349707095198
qwen25_3b,3.09,oasst1,rag,vllm_no_cache,12.213897028649864,12.213897028649864,12.213897028649864,81.8739504397591,0,1872.9359620502,0.0
qwen25_3b,3.09,oasst1,templated,vllm_apc,9.586159371893205,9.586159371893205,9.586159371893205,104.317063925728,0,1379.16160859995,19.599609443837192
qwen25_3b,3.09,oasst1,templated,vllm_apc_shadowkv_plus,9.814071675516509,9.814071675516509,9.814071675516509,101.89450750545602,0,1427.0562871179625,17.688078713647656
qwen25_3b,3.09,oasst1,templated,vllm_no_cache,11.923025877836873,11.923025877836873,11.923025877836873,83.87132681300734,0,1818.6015794275004,0.0
qwen25_3b,3.09,samsum,rag,vllm_apc,9.013215858054789,9.013215858054789,9.013215858054789,110.94819160536758,0,1301.376906496767,22.553860482471546
qwen25_3b,3.09,samsum,rag,vllm_apc_shadowkv_plus,9.223691139348771,9.223691139348771,9.223691139348771,108.41646634653075,0,1343.4826248485474,20.74534970709519
qwen25_3b,3.09,samsum,rag,vllm_no_cache,11.638044083546369,11.638044083546369,11.638044083546369,85.92509126286775,0,1784.631984441173,0.0
qwen25_3b,3.09,samsum,templated,vllm_apc,9.134197308222,9.134197308222,9.134197308222,109.47869487118108,0,1314.1377859638962,19.599609443837192
qwen25_3b,3.09,samsum,templated,vllm_apc_shadowkv_plus,9.351364149446288,9.351364149446288,9.351364149446288,106.93626983387358,0,1359.7743570478367,17.688078713647652
qwen25_3b,3.09,samsum,templated,vllm_no_cache,11.36088673828196,11.36088673828196,11.36088673828196,88.02129825221937,0,1732.8593242712068,0.0
qwen25_3b,3.09,ultrachat,rag,vllm_apc,11.80732882557866,11.80732882557866,11.80732882557866,84.69316089797229,0,1591.0384040481238,19.898352121684635
qwen25_3b,3.09,ultrachat,rag,vllm_apc_shadowkv_plus,12.111016669228492,12.111016669228492,12.111016669228492,82.56945121219975,0,1627.5145535900078,17.838115037047363
qwen25_3b,3.09,ultrachat,rag,vllm_no_cache,14.740431861670936,14.740431861670936,14.740431861670936,67.84061751950885,0,2259.8459966502323,0.0
qwen25_3b,3.09,ultrachat,templated,vllm_apc,11.868724235042295,11.868724235042295,11.868724235042295,84.25505388755342,0,1587.3796358695747,16.45293444031979
qwen25_3b,3.09,ultrachat,templated,vllm_apc_shadowkv_plus,12.065948881567625,12.065948881567625,12.065948881567625,82.87785816228975,0,1634.67569883871,15.064618379812922
qwen25_3b,3.09,ultrachat,templated,vllm_no_cache,14.206033635692572,14.206033635692572,14.206033635692572,70.39262510877816,0,2185.251264708608,0.0
qwen25_3b,3.09,xsum,rag,vllm_apc,11.756244384741628,11.756244384741628,11.756244384741628,85.06117832136044,0,1776.4579674821043,21.828997691967103
qwen25_3b,3.09,xsum,rag,vllm_apc_shadowkv_plus,12.117624543156392,12.117624543156392,12.117624543156392,82.5244251823898,0,1862.9649021292037,19.426066256296824
qwen25_3b,3.09,xsum,rag,vllm_no_cache,15.039137324114302,15.039137324114302,15.039137324114302,66.49317566883065,0,2310.385544096296,0.0
qwen25_3b,3.09,xsum,templated,vllm_apc,11.766407188220729,11.766407188220729,11.766407188220729,84.98770984239722,0,1767.7191758886156,20.14332226122824
qwen25_3b,3.09,xsum,templated,vllm_apc_shadowkv_plus,12.09067088153025,12.09067088153025,12.09067088153025,82.70839639904543,0,1857.9094737804876,17.942597703189374
qwen25_3b,3.09,xsum,templated,vllm_no_cache,14.7344060902598,14.7344060902598,14.7344060902598,67.86836156640554,0,2256.270652941808,0.0
qwen25_7b,7.61,ag_news,rag,vllm_apc,12.989376786616893,12.989376786616893,12.989376786616893,76.98598758258453,0,1732.8058031625817,14.818189299855907
qwen25_7b,7.61,ag_news,rag,vllm_apc_shadowkv_plus,12.85572876893569,12.85572876893569,12.85572876893569,77.78633307948895,0,1717.434155976336,15.694627048147206
qwen25_7b,7.61,ag_news,rag,vllm_no_cache,15.249002903145518,15.249002903145518,15.249002903145518,65.5780582082336,0,2334.094466796232,0.0
qwen25_7b,7.61,ag_news,templated,vllm_apc,13.019796102902983,13.019796102902983,13.019796102902983,76.80611832139466,0,1731.8428593645212,12.882802545243935
qwen25_7b,7.61,ag_news,templated,vllm_apc_shadowkv_plus,12.82736672897801,12.82736672897801,12.82736672897801,77.95832310157027,0,1720.9959021860766,14.170373228519026
qwen25_7b,7.61,ag_news,templated,vllm_no_cache,14.945150307050175,14.945150307050175,14.945150307050175,66.91133775538297,0,2279.4771630112614,0.0
qwen25_7b,7.61,alpaca_eval,rag,vllm_apc,15.57820402408945,15.57820402408945,15.57820402408945,64.19225210131052,0,2091.317139864253,17.500303391912436
qwen25_7b,7.61,alpaca_eval,rag,vllm_apc_shadowkv_plus,15.36935033722321,15.36935033722321,15.36935033722321,65.06455888236786,0,2093.737392645825,18.60635937726871
qwen25_7b,7.61,alpaca_eval,rag,vllm_no_cache,18.88274098521024,18.88274098521024,18.88274098521024,52.95841322947988,0,2884.590700455741,0.0
qwen25_7b,7.61,alpaca_eval,templated,vllm_apc,15.3605908706091,15.3605908706091,15.3605908706091,65.10166232689633,0,2041.8989487905512,13.282381568242
qwen25_7b,7.61,alpaca_eval,templated,vllm_apc_shadowkv_plus,15.198870242984022,15.198870242984022,15.198870242984022,65.79436392396414,0,2041.4663328548836,14.195369082659134
qwen25_7b,7.61,alpaca_eval,templated,vllm_no_cache,17.71334493312572,17.71334493312572,17.71334493312572,56.4546111293695,0,2668.98354404277,0.0
qwen25_7b,7.61,banking77,rag,vllm_apc,11.43303261633844,11.43303261633844,11.43303261633844,87.46585735887292,0,1525.1867422731214,14.818189299855902
qwen25_7b,7.61,banking77,rag,vllm_apc_shadowkv_plus,11.31539786215743,11.31539786215743,11.31539786215743,88.3751514689857,0,1511.6568750181914,15.694627048147217
qwen25_7b,7.61,banking77,rag,vllm_no_cache,13.421917804242096,13.421917804242096,13.421917804242096,74.50500104269321,0,2054.43098671147,0.0
qwen25_7b,7.61,banking77,templated,vllm_apc,11.459807190744806,11.459807190744806,11.459807190744806,87.26150303886631,0,1524.3391752164578,12.882802545243944
qwen25_7b,7.61,banking77,templated,vllm_apc_shadowkv_plus,11.290434068033289,11.290434068033289,11.290434068033289,88.57055397288131,0,1514.791864575892,14.170373228519033
qwen25_7b,7.61,banking77,templated,vllm_no_cache,13.154471821360424,13.154471821360424,13.154471821360424,76.01977590435713,0,2006.357747644804,0.0
qwen25_7b,7.61,cnn_dailymail,rag,vllm_apc,17.744320541288015,17.744320541288015,17.744320541288015,56.35606038975515,0,2681.301831734611,21.828997691967096
qwen25_7b,7.61,cnn_dailymail,rag,vllm_apc_shadowkv_plus,17.35020535960945,17.35020535960945,17.35020535960945,57.636205409300686,0,2667.4224403116364,23.56523654681308
qwen25_7b,7.61,cnn_dailymail,rag,vllm_no_cache,22.699364236582905,22.699364236582905,22.699364236582905,44.0540972679919,0,3487.1869218380302,0.0
qwen25_7b,7.61,cnn_dailymail,templated,vllm_apc,17.769880554564015,17.769880554564015,17.769880554564015,56.2749984125898,0,2669.6474214320524,20.14332226122823
qwen25_7b,7.61,cnn_dailymail,templated,vllm_apc_shadowkv_plus,17.402876992662183,17.402876992662183,17.402876992662183,57.46176338668854,0,2674.208102471427,21.792612197746607
qwen25_7b,7.61,cnn_dailymail,templated,vllm_no_cache,22.252216167435723,22.252216167435723,22.252216167435723,44.93934412984075,0,3407.468342730955,0.0
qwen25_7b,7.61,daily_dialog,rag,vllm_apc,12.923172334088088,12.923172334088088,12.923172334088088,77.38038108199257,0,1741.398396657146,19.89835212168465
qwen25_7b,7.61,daily_dialog,rag,vllm_apc_shadowkv_plus,12.844021605418018,12.844021605418018,12.844021605418018,77.85723433991797,0,1726.0179438572234,20.38895176961462
qwen25_7b,7.61,daily_dialog,rag,vllm_no_cache,16.133466259920194,16.133466259920194,16.133466259920194,61.98296038119626,0,2473.411191864451,0.0
qwen25_7b,7.61,daily_dialog,templated,vllm_apc,13.01766842245522,13.01766842245522,13.01766842245522,76.81867194243628,0,1741.0448967461575,16.45293444031979
qwen25_7b,7.61,daily_dialog,templated,vllm_apc_shadowkv_plus,12.839322526634517,12.839322526634517,12.839322526634517,77.88572940087387,0,1739.4511388908743,17.59755387345343
qwen25_7b,7.61,daily_dialog,templated,vllm_no_cache,15.58123955072522,15.58123955072522,15.58123955072522,64.17974620982292,0,2396.793102643539,0.0
qwen25_7b,7.61,dolly,rag,vllm_apc,13.32540379862272,13.32540379862272,13.32540379862272,75.04463017498632,0,1788.8869163979757,17.500303391912443
qwen25_7b,7.61,dolly,rag,vllm_apc_shadowkv_plus,13.146752927956232,13.146752927956232,13.146752927956232,76.06440962874761,0,1790.9571708098017,18.60635937726872
qwen25_7b,7.61,dolly,rag,vllm_no_cache,16.152064003246785,16.152064003246785,16.152064003246785,61.91159221502504,0,2467.4433469920764,0.0
qwen25_7b,7.61,dolly,templated,vllm_apc,13.139260188131212,13.139260188131212,13.139260188131212,76.10778580237778,0,1746.615204585994,13.282381568241997
qwen25_7b,7.61,dolly,templated,vllm_apc_shadowkv_plus,13.000926355659994,13.000926355659994,13.000926355659994,76.91759591920517,0,1746.245150244455,14.195369082659129
qwen25_7b,7.61,dolly,templated,vllm_no_cache,15.151777027261293,15.151777027261293,15.151777027261293,65.99885928896565,0,2283.015641678108,0.0
qwen25_7b,7.61,oasst1,rag,vllm_apc,14.856839753528158,14.856839753528158,14.856839753528158,67.30906549372475,0,2145.110964083508,22.553860482471546
qwen25_7b,7.61,oasst1,rag,vllm_apc_shadowkv_plus,14.71374179039216,14.71374179039216,14.71374179039216,67.9636773735546,0,2143.139459383013,23.299805447993087
qwen25_7b,7.61,oasst1,rag,vllm_no_cache,19.18344780783501,19.18344780783501,19.18344780783501,52.12827277021466,0,2941.679399386498,0.0
qwen25_7b,7.61,oasst1,templated,vllm_apc,15.046639649199568,15.046639649199568,15.046639649199568,66.46002185964471,0,2164.7613958368324,19.599609443837192
qwen25_7b,7.61,oasst1,templated,vllm_apc_shadowkv_plus,14.817374870611172,14.817374870611172,14.817374870611172,67.48833776105666,0,2154.582589858304,20.824665547328035
qwen25_7b,7.61,oasst1,templated,vllm_no_cache,18.71463502243674,18.71463502243674,18.71463502243674,53.43411713886552,0,2854.515721003145,0.0
qwen25_7b,7.61,samsum,rag,vllm_apc,14.15637904824042,14.15637904824042,14.15637904824042,70.63953265113341,0,2043.974654898672,22.553860482471556
qwen25_7b,7.61,samsum,rag,vllm_apc_shadowkv_plus,14.020027775642005,14.020027775642005,14.020027775642005,71.32653486873768,0,2042.0961014311376,23.299805447993094
qwen25_7b,7.61,samsum,rag,vllm_no_cache,18.27899897455366,18.27899897455366,18.27899897455366,54.70759101152684,0,2802.9869950119173,0.0
qwen25_7b,7.61,samsum,templated,vllm_apc,14.337230380759028,14.337230380759028,14.337230380759028,69.74847815391378,0,2062.6986207606296,19.599609443837192
qwen25_7b,7.61,samsum,templated,vllm_apc_shadowkv_plus,14.118774830187617,14.118774830187617,14.118774830187617,70.82767534913025,0,2052.999718566014,20.824665547328035
qwen25_7b,7.61,samsum,templated,vllm_no_cache,17.832289472205876,17.832289472205876,17.832289472205876,56.078048842726574,0,2719.932853558945,0.0
qwen25_7b,7.61,ultrachat,rag,vllm_apc,18.47835304952905,18.47835304952905,18.47835304952905,54.1173770908921,0,2489.95939552989,19.89835212168465
qwen25_7b,7.61,ultrachat,rag,vllm_apc_shadowkv_plus,18.365178430272824,18.365178430272824,18.365178430272824,54.45087309098061,0,2467.9674705171037,20.388951769614625
qwen25_7b,7.61,ultrachat,rag,vllm_no_cache,23.068630345283324,23.068630345283324,23.068630345283324,43.3489108383265,0,3536.636675452404,0.0
qwen25_7b,7.61,ultrachat,templated,vllm_apc,18.6134694155038,18.6134694155038,18.6134694155038,53.724535586421375,0,2489.453939439903,16.45293444031979
qwen25_7b,7.61,ultrachat,templated,vllm_apc_shadowkv_plus,18.358459396081813,18.358459396081813,18.358459396081813,54.47080163019709,0,2487.175085644252,17.59755387345342
qwen25_7b,7.61,ultrachat,templated,vllm_no_cache,22.279022358011645,22.279022358011645,22.279022358011645,44.8852729680212,0,3427.083381106102,0.0
qwen25_7b,7.61,xsum,rag,vllm_apc,18.96855524540291,18.96855524540291,18.96855524540291,52.71882792667371,0,2866.293009445723,21.828997691967103
qwen25_7b,7.61,xsum,rag,vllm_apc_shadowkv_plus,18.547248857292587,18.547248857292587,18.547248857292587,53.91635210667971,0,2851.456036546892,23.56523654681309
qwen25_7b,7.61,xsum,rag,vllm_no_cache,24.26546249292967,24.26546249292967,24.26546249292967,41.21083619532799,0,3727.7785657680506,0.0
qwen25_7b,7.61,xsum,templated,vllm_apc,18.995878721822923,18.995878721822923,18.995878721822923,52.64299770724353,0,2853.8345258896866,20.143322261228235
qwen25_7b,7.61,xsum,templated,vllm_apc_shadowkv_plus,18.603554466690344,18.603554466690344,18.603554466690344,53.75316861035883,0,2858.70986220086,21.792612197746607
qwen25_7b,7.61,xsum,templated,vllm_no_cache,23.787464316963568,23.787464316963568,23.787464316963568,42.03894903110246,0,3642.559959151975,0.0
