model_slug,model_params_B,dataset,mode,engine,seed,mean_latency_ms,latency_ci_95_lower,latency_ci_95_upper,throughput_rps,cached_tokens_mean,gpu_energy_j,latency_reduction_vs_no_cache_pct
gemma4_e2b,2.3,ag_news,rag,vllm_no_cache,42,9.163425,8.888522,9.438328,109.120123,0,774.686,0.0
gemma4_e2b,2.3,ag_news,rag,vllm_apc,42,7.445571,7.222204,7.668938,134.296501,25312,605.247,18.7469
gemma4_e2b,2.3,ag_news,rag,vllm_apc_meritkv,42,7.422877,7.200191,7.645563,134.707084,25606,603.956,18.9945
gemma4_e2b,2.3,ag_news,rag,vllm_no_cache,123,9.032019,8.761058,9.30298,110.707702,0,767.446,0.0
gemma4_e2b,2.3,ag_news,rag,vllm_apc,123,7.334102,7.114079,7.554125,132.688046,25312,599.206,18.7989
gemma4_e2b,2.3,ag_news,rag,vllm_apc_meritkv,123,7.311733,7.092381,7.531085,136.754721,25606,597.927,19.0465
gemma4_e2b,2.3,ag_news,rag,vllm_no_cache,456,8.973435,8.704232,9.242638,111.43047,0,762.447,0.0
gemma4_e2b,2.3,ag_news,rag,vllm_apc,456,7.334684,7.114643,7.554725,132.696446,25312,599.238,18.2622
gemma4_e2b,2.3,ag_news,rag,vllm_apc_meritkv,456,7.312192,7.092826,7.531558,136.746141,25606,597.952,18.5129
gemma4_e2b,2.3,ag_news,rag,vllm_no_cache,789,8.972834,8.703649,9.242019,111.437931,0,762.376,0.0
gemma4_e2b,2.3,ag_news,rag,vllm_apc,789,7.335266,7.115208,7.555324,132.704846,25312,599.269,18.2503
gemma4_e2b,2.3,ag_news,rag,vllm_apc_meritkv,789,7.312776,7.093393,7.532159,136.735227,25606,597.983,18.5009
gemma4_e2b,2.3,ag_news,rag,vllm_no_cache,999,9.029681,8.758791,9.300571,110.736368,0,767.193,0.0
gemma4_e2b,2.3,ag_news,rag,vllm_apc,999,7.335633,7.115564,7.555702,132.710143,25312,599.289,18.7609
gemma4_e2b,2.3,ag_news,rag,vllm_apc_meritkv,999,7.313271,7.093873,7.532669,136.725975,25606,598.011,19.0085
gemma4_e2b,2.3,ag_news,templated,vllm_no_cache,42,9.208124,8.93188,9.484368,108.589758,0,770.837,0.0
gemma4_e2b,2.3,ag_news,templated,vllm_apc,42,7.496655,7.271755,7.721555,133.380534,25184,603.428,18.5865
gemma4_e2b,2.3,ag_news,templated,vllm_apc_meritkv,42,7.473492,7.249287,7.697697,133.793938,25494,602.123,18.8381
gemma4_e2b,2.3,ag_news,templated,vllm_no_cache,123,9.076112,8.803829,9.348395,110.169188,0,763.635,0.0
gemma4_e2b,2.3,ag_news,templated,vllm_apc,123,7.384422,7.162889,7.605955,131.783049,25184,597.406,18.6389
gemma4_e2b,2.3,ag_news,templated,vllm_apc_meritkv,123,7.361591,7.140743,7.582439,135.827698,25494,596.113,18.8905
gemma4_e2b,2.3,ag_news,templated,vllm_no_cache,456,9.075505,8.80324,9.34777,110.176556,0,763.564,0.0
gemma4_e2b,2.3,ag_news,templated,vllm_apc,456,7.385008,7.163458,7.606558,131.791392,25184,597.437,18.627
gemma4_e2b,2.3,ag_news,templated,vllm_apc_meritkv,456,7.362178,7.141313,7.583043,135.816856,25494,596.144,18.8786
gemma4_e2b,2.3,ag_news,templated,vllm_no_cache,789,9.074899,8.802652,9.347146,110.183917,0,763.492,0.0
gemma4_e2b,2.3,ag_news,templated,vllm_apc,789,7.385594,7.164026,7.607162,131.799735,25184,597.468,18.6151
gemma4_e2b,2.3,ag_news,templated,vllm_apc_meritkv,789,7.362766,7.141883,7.583649,135.806016,25494,596.176,18.8667
gemma4_e2b,2.3,ag_news,templated,vllm_no_cache,999,9.073736,8.801524,9.345948,110.19804,0,763.382,0.0
gemma4_e2b,2.3,ag_news,templated,vllm_apc,999,7.385964,7.164385,7.607543,131.804996,25184,597.488,18.6006
gemma4_e2b,2.3,ag_news,templated,vllm_apc_meritkv,999,7.363138,7.142244,7.584032,135.799145,25494,596.196,18.8522
gemma4_e2b,2.3,daily_dialog,rag,vllm_no_cache,42,9.387683,9.106053,9.669313,106.513511,0,839.461,0.0
gemma4_e2b,2.3,daily_dialog,rag,vllm_apc,42,7.597742,7.36981,7.825674,131.606877,33760,653.271,19.0669
gemma4_e2b,2.3,daily_dialog,rag,vllm_apc_meritkv,42,7.574446,7.347213,7.801679,132.011645,34184,651.869,19.3151
gemma4_e2b,2.3,daily_dialog,rag,vllm_no_cache,123,9.201907,8.92585,9.477964,108.663898,0,827.018,0.0
gemma4_e2b,2.3,daily_dialog,rag,vllm_apc,123,7.483995,7.259475,7.708515,130.030635,33760,646.751,18.6691
gemma4_e2b,2.3,daily_dialog,rag,vllm_apc_meritkv,123,7.460884,7.237057,7.684711,134.020982,34184,645.353,18.9202
gemma4_e2b,2.3,daily_dialog,rag,vllm_no_cache,456,9.252448,8.974875,9.530021,108.070316,0,831.538,0.0
gemma4_e2b,2.3,daily_dialog,rag,vllm_apc,456,7.484589,7.260051,7.709127,130.038867,33760,646.785,19.1069
gemma4_e2b,2.3,daily_dialog,rag,vllm_apc_meritkv,456,7.461628,7.237779,7.685477,134.007615,34184,645.396,19.3551
gemma4_e2b,2.3,daily_dialog,rag,vllm_no_cache,789,9.251838,8.974283,9.529393,108.077442,0,831.461,0.0
gemma4_e2b,2.3,daily_dialog,rag,vllm_apc,789,7.485183,7.260628,7.709738,130.047099,33760,646.819,19.0952
gemma4_e2b,2.3,daily_dialog,rag,vllm_apc_meritkv,789,7.462224,7.238357,7.686091,133.996919,34184,645.43,19.3433
gemma4_e2b,2.3,daily_dialog,rag,vllm_no_cache,999,9.250665,8.973145,9.528185,108.091157,0,831.341,0.0
gemma4_e2b,2.3,daily_dialog,rag,vllm_apc,999,7.485557,7.26099,7.710124,130.05229,33760,646.841,19.0809
gemma4_e2b,2.3,daily_dialog,rag,vllm_apc_meritkv,999,7.462602,7.238724,7.68648,133.99014,34184,645.452,19.329
gemma4_e2b,2.3,daily_dialog,templated,vllm_no_cache,42,9.210289,8.93398,9.486598,108.565142,0,788.506,0.0
gemma4_e2b,2.3,daily_dialog,templated,vllm_apc,42,7.422911,7.200224,7.645598,134.706766,33472,611.044,19.4063
gemma4_e2b,2.3,daily_dialog,templated,vllm_apc_meritkv,42,7.39996,7.177961,7.621959,135.124545,33916,609.722,19.6555
gemma4_e2b,2.3,daily_dialog,templated,vllm_no_cache,123,9.078205,8.805859,9.350551,110.144719,0,781.135,0.0
gemma4_e2b,2.3,daily_dialog,templated,vllm_apc,123,7.311781,7.092428,7.531134,133.093397,33472,604.946,19.4579
gemma4_e2b,2.3,daily_dialog,templated,vllm_apc_meritkv,123,7.28916,7.070485,7.507835,137.178532,33916,603.635,19.707
gemma4_e2b,2.3,daily_dialog,templated,vllm_no_cache,456,9.077608,8.80528,9.349936,110.151963,0,781.063,0.0
gemma4_e2b,2.3,daily_dialog,templated,vllm_apc,456,7.312362,7.092991,7.531733,133.101823,33472,604.977,19.4462
gemma4_e2b,2.3,daily_dialog,templated,vllm_apc_meritkv,456,7.289742,7.07105,7.508434,137.167582,33916,603.667,19.6953
gemma4_e2b,2.3,daily_dialog,templated,vllm_no_cache,789,9.01877,8.748207,9.289333,110.870581,0,775.98,0.0
gemma4_e2b,2.3,daily_dialog,templated,vllm_apc,789,7.312942,7.093554,7.53233,133.110249,33472,605.009,18.9142
gemma4_e2b,2.3,daily_dialog,templated,vllm_apc_meritkv,789,7.290198,7.071492,7.508904,137.159008,33916,603.692,19.1664
gemma4_e2b,2.3,daily_dialog,templated,vllm_no_cache,999,9.075858,8.803582,9.348134,110.173194,0,780.879,0.0
gemma4_e2b,2.3,daily_dialog,templated,vllm_apc,999,7.313308,7.093909,7.532707,133.115562,33472,605.029,19.4202
gemma4_e2b,2.3,daily_dialog,templated,vllm_apc_meritkv,999,7.290693,7.071972,7.509414,137.149694,33916,603.72,19.6694
gemma4_e2b,2.3,dolly,rag,vllm_no_cache,42,9.49013,9.205426,9.774834,105.364259,0,842.344,0.0
gemma4_e2b,2.3,dolly,rag,vllm_apc,42,7.757875,7.525139,7.990611,128.891032,26848,662.105,18.2532
gemma4_e2b,2.3,dolly,rag,vllm_apc_meritkv,42,7.734228,7.502201,7.966255,129.285111,27142,660.692,18.5024
gemma4_e2b,2.3,dolly,rag,vllm_no_cache,123,9.354086,9.073463,9.634709,106.896651,0,834.476,0.0
gemma4_e2b,2.3,dolly,rag,vllm_apc,123,7.641731,7.412479,7.870983,127.347317,26848,655.497,18.306
gemma4_e2b,2.3,dolly,rag,vllm_apc_meritkv,123,7.618423,7.38987,7.846976,131.25033,27142,654.097,18.5551
gemma4_e2b,2.3,dolly,rag,vllm_no_cache,456,9.405611,9.123443,9.687779,106.31106,0,839.05,0.0
gemma4_e2b,2.3,dolly,rag,vllm_apc,456,7.642337,7.413067,7.871607,127.355379,26848,655.531,18.747
gemma4_e2b,2.3,dolly,rag,vllm_apc_meritkv,456,7.618901,7.390334,7.847468,131.242086,27142,654.124,18.9962
gemma4_e2b,2.3,dolly,rag,vllm_no_cache,789,9.404987,9.122837,9.687137,106.318115,0,838.972,0.0
gemma4_e2b,2.3,dolly,rag,vllm_apc,789,7.642944,7.413656,7.872232,127.363441,26848,655.566,18.7352
gemma4_e2b,2.3,dolly,rag,vllm_apc_meritkv,789,7.619509,7.390924,7.848094,131.231612,27142,654.159,18.9844
gemma4_e2b,2.3,dolly,rag,vllm_no_cache,999,9.35163,9.071081,9.632179,106.924727,0,834.198,0.0
gemma4_e2b,2.3,dolly,rag,vllm_apc,999,7.643326,7.414026,7.872626,127.368525,26848,655.588,18.2674
gemma4_e2b,2.3,dolly,rag,vllm_apc_meritkv,999,7.620024,7.391423,7.848625,131.222741,27142,654.189,18.5166
gemma4_e2b,2.3,dolly,templated,vllm_no_cache,42,9.510065,9.224763,9.795367,105.142614,0,829.61,0.0
gemma4_e2b,2.3,dolly,templated,vllm_apc,42,7.704991,7.473841,7.936141,129.774727,25440,646.293,18.9807
gemma4_e2b,2.3,dolly,templated,vllm_apc_meritkv,42,7.681237,7.4508,7.911674,130.176058,25728,644.898,19.2304
gemma4_e2b,2.3,dolly,templated,vllm_no_cache,123,9.373704,9.092493,9.654915,106.672147,0,821.858,0.0
gemma4_e2b,2.3,dolly,templated,vllm_apc,123,7.589639,7.36195,7.817328,128.220428,25440,639.843,19.0327
gemma4_e2b,2.3,dolly,templated,vllm_apc_meritkv,123,7.566225,7.339238,7.793212,132.154821,25728,638.461,19.2824
gemma4_e2b,2.3,dolly,templated,vllm_no_cache,456,9.312744,9.033362,9.592126,107.370409,0,816.491,0.0
gemma4_e2b,2.3,dolly,templated,vllm_apc,456,7.590241,7.362534,7.817948,128.228546,25440,639.876,18.4962
gemma4_e2b,2.3,dolly,templated,vllm_apc_meritkv,456,7.566979,7.33997,7.793988,132.141649,25728,638.504,18.746
gemma4_e2b,2.3,dolly,templated,vllm_no_cache,789,9.312117,9.032753,9.591481,107.377639,0,816.414,0.0
gemma4_e2b,2.3,dolly,templated,vllm_apc,789,7.590844,7.363119,7.818569,128.236663,25440,639.91,18.4842
gemma4_e2b,2.3,dolly,templated,vllm_apc_meritkv,789,7.567583,7.340556,7.79461,132.131103,25728,638.537,18.734
gemma4_e2b,2.3,dolly,templated,vllm_no_cache,999,9.371266,9.090128,9.652404,106.699898,0,821.586,0.0
gemma4_e2b,2.3,dolly,templated,vllm_apc,999,7.591223,7.363486,7.81896,128.241782,25440,639.931,18.9947
gemma4_e2b,2.3,dolly,templated,vllm_apc_meritkv,999,7.567816,7.340782,7.79485,132.127042,25728,638.55,19.2445
gemma4_e2b,2.3,samsum,rag,vllm_no_cache,42,10.46875,10.154687,10.782813,95.514835,0,1013.144,0.0
gemma4_e2b,2.3,samsum,rag,vllm_apc,42,8.488559,8.233902,8.743216,117.796316,34976,789.909,18.9153
gemma4_e2b,2.3,samsum,rag,vllm_apc_meritkv,42,8.462744,8.208862,8.716626,118.155648,35334,788.227,19.1618
gemma4_e2b,2.3,samsum,rag,vllm_no_cache,123,10.318666,10.009106,10.628226,96.90409,0,1003.679,0.0
gemma4_e2b,2.3,samsum,rag,vllm_apc,123,8.361476,8.110632,8.61232,116.385482,34976,782.025,18.9675
gemma4_e2b,2.3,samsum,rag,vllm_apc_meritkv,123,8.336031,8.08595,8.586112,119.95169,35334,780.36,19.2141
gemma4_e2b,2.3,samsum,rag,vllm_no_cache,456,10.375404,10.064142,10.686666,96.374172,0,1009.171,0.0
gemma4_e2b,2.3,samsum,rag,vllm_apc,456,8.362139,8.111275,8.613003,116.39285,34976,782.067,19.4042
gemma4_e2b,2.3,samsum,rag,vllm_apc_meritkv,456,8.33686,8.086754,8.586966,119.939759,35334,780.412,19.6479
gemma4_e2b,2.3,samsum,rag,vllm_no_cache,789,10.374719,10.063477,10.685961,96.380533,0,1009.077,0.0
gemma4_e2b,2.3,samsum,rag,vllm_apc,789,8.362803,8.111919,8.613687,116.400218,34976,782.108,19.3925
gemma4_e2b,2.3,samsum,rag,vllm_apc_meritkv,789,8.337525,8.087399,8.587651,119.930187,35334,780.453,19.6361
gemma4_e2b,2.3,samsum,rag,vllm_no_cache,999,10.315965,10.006486,10.625444,96.929469,0,1003.346,0.0
gemma4_e2b,2.3,samsum,rag,vllm_apc,999,8.363222,8.112325,8.614119,116.404864,34976,782.134,18.9293
gemma4_e2b,2.3,samsum,rag,vllm_apc_meritkv,999,8.337783,8.08765,8.587916,119.926478,35334,780.468,19.1759
gemma4_e2b,2.3,samsum,templated,vllm_no_cache,42,10.296841,9.987936,10.605746,97.110509,0,990.736,0.0
gemma4_e2b,2.3,samsum,templated,vllm_apc,42,8.253174,8.005579,8.500769,121.157199,34656,763.557,19.8475
gemma4_e2b,2.3,samsum,templated,vllm_apc_meritkv,42,8.228021,7.98118,8.474862,121.527574,35026,761.928,20.0918
gemma4_e2b,2.3,samsum,templated,vllm_no_cache,123,10.149171,9.844696,10.453646,98.523461,0,981.475,0.0
gemma4_e2b,2.3,samsum,templated,vllm_apc,123,8.129615,7.885727,8.373503,119.706111,34656,755.936,19.8987
gemma4_e2b,2.3,samsum,templated,vllm_apc_meritkv,123,8.104822,7.861677,8.347967,123.374873,35026,754.323,20.143
gemma4_e2b,2.3,samsum,templated,vllm_no_cache,456,10.148505,9.84405,10.45296,98.52993,0,981.384,0.0
gemma4_e2b,2.3,samsum,templated,vllm_apc,456,8.13026,7.886352,8.374168,119.71369,34656,755.976,19.8871
gemma4_e2b,2.3,samsum,templated,vllm_apc_meritkv,456,8.105469,7.862305,8.348633,123.365026,35026,754.363,20.1314
gemma4_e2b,2.3,samsum,templated,vllm_no_cache,789,10.147837,9.843402,10.452272,98.536412,0,981.293,0.0
gemma4_e2b,2.3,samsum,templated,vllm_apc,789,8.130905,7.886978,8.374832,119.721268,34656,756.016,19.8755
gemma4_e2b,2.3,samsum,templated,vllm_apc_meritkv,789,8.106116,7.862933,8.349299,123.355181,35026,754.403,20.1198
gemma4_e2b,2.3,samsum,templated,vllm_no_cache,999,10.14655,9.842153,10.450947,98.548908,0,981.152,0.0
gemma4_e2b,2.3,samsum,templated,vllm_apc,999,8.131312,7.887373,8.375251,119.726047,34656,756.041,19.8613
gemma4_e2b,2.3,samsum,templated,vllm_apc_meritkv,999,8.106526,7.86333,8.349722,123.34894,35026,754.428,20.1056
gemma4_e2b,2.3,xsum,rag,vllm_no_cache,42,14.603154,14.165059,15.041249,68.471512,0,1644.421,0.0
gemma4_e2b,2.3,xsum,rag,vllm_apc,42,11.612167,11.263802,11.960532,86.107962,30144,1257.321,20.4818
gemma4_e2b,2.3,xsum,rag,vllm_apc_meritkv,42,11.577952,11.230613,11.925291,86.362433,30316,1254.728,20.7161
gemma4_e2b,2.3,xsum,rag,vllm_no_cache,123,14.39373,13.961918,14.825542,69.467753,0,1629.05,0.0
gemma4_e2b,2.3,xsum,rag,vllm_apc,123,11.43832,11.09517,11.78147,85.076655,30144,1244.772,20.5326
gemma4_e2b,2.3,xsum,rag,vllm_apc_meritkv,123,11.404595,11.062457,11.746733,87.675193,30316,1242.203,20.7669
gemma4_e2b,2.3,xsum,rag,vllm_no_cache,456,14.300485,13.87147,14.7295,69.920708,0,1618.453,0.0
gemma4_e2b,2.3,xsum,rag,vllm_apc,456,11.439228,11.096051,11.782405,85.082041,30144,1244.838,20.0081
gemma4_e2b,2.3,xsum,rag,vllm_apc_meritkv,456,11.405317,11.063157,11.747477,87.669642,30316,1242.255,20.2452
gemma4_e2b,2.3,xsum,rag,vllm_no_cache,789,14.299531,13.870545,14.728517,69.925376,0,1618.302,0.0
gemma4_e2b,2.3,xsum,rag,vllm_apc,789,11.440136,11.096932,11.78334,85.087427,30144,1244.903,19.9964
gemma4_e2b,2.3,xsum,rag,vllm_apc_meritkv,789,11.406227,11.06404,11.748414,87.662646,30316,1242.321,20.2336
gemma4_e2b,2.3,xsum,rag,vllm_no_cache,999,14.390012,13.958312,14.821712,69.4857,0,1628.515,0.0
gemma4_e2b,2.3,xsum,rag,vllm_apc,999,11.440709,11.097488,11.78393,85.090824,30144,1244.945,20.4955
gemma4_e2b,2.3,xsum,rag,vllm_apc_meritkv,999,11.406992,11.064782,11.749202,87.656768,30316,1242.377,20.7298
gemma4_e2b,2.3,xsum,templated,vllm_no_cache,42,13.399811,12.997817,13.801805,74.623192,0,1534.288,0.0
gemma4_e2b,2.3,xsum,templated,vllm_apc,42,10.686,10.36542,11.00658,93.574455,29344,1176.495,20.2526
gemma4_e2b,2.3,xsum,templated,vllm_apc_meritkv,42,10.654212,10.334586,10.973838,93.853645,29513,1174.045,20.4898
gemma4_e2b,2.3,xsum,templated,vllm_no_cache,123,13.2077,12.811469,13.603931,75.708613,0,1519.953,0.0
gemma4_e2b,2.3,xsum,templated,vllm_apc,123,10.526019,10.210238,10.8418,92.453724,29344,1164.753,20.3039
gemma4_e2b,2.3,xsum,templated,vllm_apc_meritkv,123,10.494687,10.179846,10.809528,95.280277,29513,1162.326,20.5411
gemma4_e2b,2.3,xsum,templated,vllm_no_cache,456,13.280275,12.881867,13.678683,75.294874,0,1528.265,0.0
gemma4_e2b,2.3,xsum,templated,vllm_apc,456,10.526854,10.211048,10.84266,92.459577,29344,1164.814,20.7332
gemma4_e2b,2.3,xsum,templated,vllm_apc_meritkv,456,10.495726,10.180854,10.810598,95.270843,29513,1162.403,20.9676
gemma4_e2b,2.3,xsum,templated,vllm_no_cache,789,13.279399,12.881017,13.677781,75.299844,0,1528.123,0.0
gemma4_e2b,2.3,xsum,templated,vllm_apc,789,10.52769,10.211859,10.843521,92.46543,29344,1164.876,20.7216
gemma4_e2b,2.3,xsum,templated,vllm_apc_meritkv,789,10.496563,10.181666,10.81146,95.263241,29513,1162.465,20.956
gemma4_e2b,2.3,xsum,templated,vllm_no_cache,999,13.204246,12.808119,13.600373,75.728417,0,1519.449,0.0
gemma4_e2b,2.3,xsum,templated,vllm_apc,999,10.528217,10.21237,10.844064,92.469121,29344,1164.914,20.2664
gemma4_e2b,2.3,xsum,templated,vllm_apc_meritkv,999,10.496893,10.181986,10.8118,95.260253,29513,1162.488,20.5037
gemma4_e4b,4.0,ag_news,rag,vllm_no_cache,42,13.441625,13.038376,13.844874,74.390942,0,1450.317,0.0
gemma4_e4b,4.0,ag_news,rag,vllm_apc,42,10.947363,10.618942,11.275784,91.340269,25312,1135.762,18.5563
gemma4_e4b,4.0,ag_news,rag,vllm_apc_meritkv,42,10.90238,10.575309,11.229451,91.717144,25606,1132.495,18.8909
gemma4_e4b,4.0,ag_news,rag,vllm_no_cache,123,13.27391,12.875693,13.672127,75.330864,0,1438.564,0.0
gemma4_e4b,4.0,ag_news,rag,vllm_apc,123,10.803824,10.479709,11.127939,90.38216,25312,1125.834,18.6086
gemma4_e4b,4.0,ag_news,rag,vllm_apc_meritkv,123,10.759401,10.436619,11.082183,92.935945,25606,1122.594,18.9432
gemma4_e4b,4.0,ag_news,rag,vllm_no_cache,456,13.34674,12.946338,13.747142,74.9198,0,1446.419,0.0
gemma4_e4b,4.0,ag_news,rag,vllm_apc,456,10.80468,10.48054,11.12882,90.387873,25312,1125.894,19.0463
gemma4_e4b,4.0,ag_news,rag,vllm_apc_meritkv,456,10.760546,10.43773,11.083362,92.926061,25606,1122.674,19.377
gemma4_e4b,4.0,ag_news,rag,vllm_no_cache,789,13.345862,12.945486,13.746238,74.924733,0,1446.285,0.0
gemma4_e4b,4.0,ag_news,rag,vllm_apc,789,10.805535,10.481369,11.129701,90.393586,25312,1125.953,19.0346
gemma4_e4b,4.0,ag_news,rag,vllm_apc_meritkv,789,10.761404,10.438562,11.084246,92.918645,25606,1122.734,19.3652
gemma4_e4b,4.0,ag_news,rag,vllm_no_cache,999,13.270443,12.87233,13.668556,75.350547,0,1438.088,0.0
gemma4_e4b,4.0,ag_news,rag,vllm_apc,999,10.806075,10.481893,11.130257,90.397189,25312,1125.99,18.5704
gemma4_e4b,4.0,ag_news,rag,vllm_apc_meritkv,999,10.761664,10.438814,11.084514,92.916401,25606,1122.751,18.905
gemma4_e4b,4.0,ag_news,templated,vllm_no_cache,42,13.458298,13.054549,13.862047,74.298496,0,1359.664,0.0
gemma4_e4b,4.0,ag_news,templated,vllm_apc,42,10.858089,10.532346,11.183832,92.09091,25184,1054.779,19.3205
gemma4_e4b,4.0,ag_news,templated,vllm_apc_meritkv,42,10.813425,10.489022,11.137828,92.471282,25494,1051.742,19.6524
gemma4_e4b,4.0,ag_news,templated,vllm_no_cache,123,13.29033,12.89162,13.68904,75.237506,0,1348.641,0.0
gemma4_e4b,4.0,ag_news,templated,vllm_apc,123,10.71572,10.394248,11.037192,91.124927,25184,1045.559,19.3721
gemma4_e4b,4.0,ag_news,templated,vllm_apc_meritkv,123,10.671613,10.351465,10.991761,93.700107,25494,1042.547,19.7039
gemma4_e4b,4.0,ag_news,templated,vllm_no_cache,456,13.204237,12.80811,13.600364,75.72806,0,1339.869,0.0
gemma4_e4b,4.0,ag_news,templated,vllm_apc,456,10.716569,10.395072,11.038066,91.130687,25184,1045.614,18.8399
gemma4_e4b,4.0,ag_news,templated,vllm_apc_meritkv,456,10.672219,10.352052,10.992386,93.694786,25494,1042.585,19.1758
gemma4_e4b,4.0,ag_news,templated,vllm_no_cache,789,13.203355,12.807254,13.599456,75.73312,0,1339.744,0.0
gemma4_e4b,4.0,ag_news,templated,vllm_apc,789,10.717418,10.395895,11.038941,91.136447,25184,1045.669,18.8281
gemma4_e4b,4.0,ag_news,templated,vllm_apc_meritkv,789,10.673071,10.352879,10.993263,93.687307,25494,1042.641,19.1639
gemma4_e4b,4.0,ag_news,templated,vllm_no_cache,999,13.286891,12.888284,13.685498,75.256978,0,1348.198,0.0
gemma4_e4b,4.0,ag_news,templated,vllm_apc,999,10.717953,10.396414,11.039492,91.14008,25184,1045.704,19.3344
gemma4_e4b,4.0,ag_news,templated,vllm_apc_meritkv,999,10.673858,10.353642,10.994074,93.6804,25494,1042.692,19.6662
gemma4_e4b,4.0,daily_dialog,rag,vllm_no_cache,42,13.566001,13.159021,13.972981,73.709073,0,1454.009,0.0
gemma4_e4b,4.0,daily_dialog,rag,vllm_apc,42,11.005177,10.675022,11.335332,90.86063,33760,1134.172,18.8768
gemma4_e4b,4.0,daily_dialog,rag,vllm_apc_meritkv,42,10.959686,10.630895,11.288477,91.237771,34184,1130.89,19.2121
gemma4_e4b,4.0,daily_dialog,rag,vllm_no_cache,123,13.322378,12.922707,13.722049,75.056971,0,1434.221,0.0
gemma4_e4b,4.0,daily_dialog,rag,vllm_apc,123,10.860879,10.535053,11.186705,89.907552,33760,1124.258,18.4764
gemma4_e4b,4.0,daily_dialog,rag,vllm_apc_meritkv,123,10.816205,10.491719,11.140691,92.448079,34184,1121.021,18.8118
gemma4_e4b,4.0,daily_dialog,rag,vllm_no_cache,456,13.395837,12.993962,13.797712,74.64538,0,1442.091,0.0
gemma4_e4b,4.0,daily_dialog,rag,vllm_apc,456,10.86174,10.535888,11.187592,89.913236,33760,1124.317,18.917
gemma4_e4b,4.0,daily_dialog,rag,vllm_apc_meritkv,456,10.816819,10.492314,11.141324,92.442824,34184,1121.063,19.2524
gemma4_e4b,4.0,daily_dialog,rag,vllm_no_cache,789,13.394945,12.993097,13.796793,74.650349,0,1441.957,0.0
gemma4_e4b,4.0,daily_dialog,rag,vllm_apc,789,10.8626,10.536722,11.188478,89.918919,33760,1124.377,18.9052
gemma4_e4b,4.0,daily_dialog,rag,vllm_apc_meritkv,789,10.817683,10.493153,11.142213,92.435446,34184,1121.122,19.2406
gemma4_e4b,4.0,daily_dialog,rag,vllm_no_cache,999,13.393234,12.991437,13.795031,74.659889,0,1441.748,0.0
gemma4_e4b,4.0,daily_dialog,rag,vllm_apc,999,10.863143,10.537249,11.189037,89.922503,33760,1124.414,18.8908
gemma4_e4b,4.0,daily_dialog,rag,vllm_apc_meritkv,999,10.818231,10.493684,11.142778,92.43076,34184,1121.16,19.2261
gemma4_e4b,4.0,daily_dialog,templated,vllm_no_cache,42,13.842179,13.426914,14.257444,72.238808,0,1445.65,0.0
gemma4_e4b,4.0,daily_dialog,templated,vllm_apc,42,11.126863,10.793057,11.460669,89.867421,33472,1117.373,19.6162
gemma4_e4b,4.0,daily_dialog,templated,vllm_apc_meritkv,42,11.080809,10.748385,11.413233,90.240927,33916,1114.136,19.949
gemma4_e4b,4.0,daily_dialog,templated,vllm_no_cache,123,13.593951,13.186132,14.00177,73.557904,0,1426.014,0.0
gemma4_e4b,4.0,daily_dialog,templated,vllm_apc,123,10.98097,10.651541,11.310399,88.924761,33472,1107.606,19.2216
gemma4_e4b,4.0,daily_dialog,templated,vllm_apc_meritkv,123,10.935197,10.607141,11.263253,91.442573,33916,1104.374,19.5584
gemma4_e4b,4.0,daily_dialog,templated,vllm_no_cache,456,13.668516,13.258461,14.078571,73.156623,0,1433.797,0.0
gemma4_e4b,4.0,daily_dialog,templated,vllm_apc,456,10.98184,10.652385,11.311295,88.930382,33472,1107.664,19.6559
gemma4_e4b,4.0,daily_dialog,templated,vllm_apc_meritkv,456,10.936364,10.608273,11.264455,91.432815,33916,1104.454,19.9887
gemma4_e4b,4.0,daily_dialog,templated,vllm_no_cache,789,13.667616,13.257588,14.077644,73.161444,0,1433.665,0.0
gemma4_e4b,4.0,daily_dialog,templated,vllm_apc,789,10.98271,10.653229,11.312191,88.936003,33472,1107.723,19.6443
gemma4_e4b,4.0,daily_dialog,templated,vllm_apc_meritkv,789,10.937237,10.60912,11.265354,91.425517,33916,1104.512,19.977
gemma4_e4b,4.0,daily_dialog,templated,vllm_no_cache,999,13.665884,13.255907,14.075861,73.170718,0,1433.459,0.0
gemma4_e4b,4.0,daily_dialog,templated,vllm_apc,999,10.983259,10.653761,11.312757,88.939548,33472,1107.759,19.6301
gemma4_e4b,4.0,daily_dialog,templated,vllm_apc_meritkv,999,10.937791,10.609657,11.265925,91.420882,33916,1104.549,19.9628
gemma4_e4b,4.0,dolly,rag,vllm_no_cache,42,13.881024,13.464593,14.297455,72.036253,0,1510.515,0.0
gemma4_e4b,4.0,dolly,rag,vllm_apc,42,11.2921,10.953337,11.630863,88.55191,26848,1181.53,18.6508
gemma4_e4b,4.0,dolly,rag,vllm_apc_meritkv,42,11.245918,10.90854,11.583296,88.915547,27142,1178.148,18.9835
gemma4_e4b,4.0,dolly,rag,vllm_no_cache,123,13.707833,13.296598,14.119068,72.946392,0,1498.275,0.0
gemma4_e4b,4.0,dolly,rag,vllm_apc,123,11.14404,10.809719,11.478361,87.62305,26848,1171.202,18.7031
gemma4_e4b,4.0,dolly,rag,vllm_apc_meritkv,123,11.098435,10.765482,11.431388,90.097117,27142,1167.847,19.0358
gemma4_e4b,4.0,dolly,rag,vllm_no_cache,456,13.706917,13.295709,14.118125,72.951266,0,1498.135,0.0
gemma4_e4b,4.0,dolly,rag,vllm_apc,456,11.144923,10.810575,11.479271,87.628588,26848,1171.264,18.6912
gemma4_e4b,4.0,dolly,rag,vllm_apc_meritkv,456,11.099321,10.766341,11.432301,90.089926,27142,1167.909,19.0239
gemma4_e4b,4.0,dolly,rag,vllm_no_cache,789,13.782186,13.36872,14.195652,72.552856,0,1506.321,0.0
gemma4_e4b,4.0,dolly,rag,vllm_apc,789,11.145805,10.811431,11.480179,87.634127,26848,1171.326,19.1289
gemma4_e4b,4.0,dolly,rag,vllm_apc_meritkv,789,11.1005,10.767485,11.433515,90.080356,27142,1167.993,19.4576
gemma4_e4b,4.0,dolly,rag,vllm_no_cache,999,13.704248,13.293121,14.115375,72.965475,0,1497.778,0.0
gemma4_e4b,4.0,dolly,rag,vllm_apc,999,11.146362,10.811971,11.480753,87.63762,26848,1171.364,18.6649
gemma4_e4b,4.0,dolly,rag,vllm_apc_meritkv,999,11.100769,10.767746,11.433792,90.078171,27142,1168.01,18.9976
gemma4_e4b,4.0,dolly,templated,vllm_no_cache,42,13.754458,13.341824,14.167092,72.699295,0,1480.269,0.0
gemma4_e4b,4.0,dolly,templated,vllm_apc,42,11.124613,10.790875,11.458351,89.885317,25440,1151.195,19.1199
gemma4_e4b,4.0,dolly,templated,vllm_apc_meritkv,42,11.078741,10.746379,11.411103,90.257491,25728,1147.872,19.4535
gemma4_e4b,4.0,dolly,templated,vllm_no_cache,123,13.582827,13.175342,13.990312,73.617914,0,1468.273,0.0
gemma4_e4b,4.0,dolly,templated,vllm_apc,123,10.978749,10.649387,11.308111,88.94247,25440,1141.133,19.1718
gemma4_e4b,4.0,dolly,templated,vllm_apc_meritkv,123,10.93345,10.605447,11.261454,91.456895,25728,1137.837,19.5053
gemma4_e4b,4.0,dolly,templated,vllm_no_cache,456,13.494501,13.089666,13.899336,74.099769,0,1458.686,0.0
gemma4_e4b,4.0,dolly,templated,vllm_apc,456,10.979619,10.65023,11.309008,88.948092,25440,1141.193,18.6363
gemma4_e4b,4.0,dolly,templated,vllm_apc_meritkv,456,10.934613,10.606575,11.262651,91.447164,25728,1137.918,18.9699
gemma4_e4b,4.0,dolly,templated,vllm_no_cache,789,13.49359,13.088782,13.898398,74.104768,0,1458.549,0.0
gemma4_e4b,4.0,dolly,templated,vllm_apc,789,10.980489,10.651074,11.309904,88.953714,25440,1141.253,18.6244
gemma4_e4b,4.0,dolly,templated,vllm_apc_meritkv,789,10.935486,10.607421,11.263551,91.439865,25728,1137.978,18.9579
gemma4_e4b,4.0,dolly,templated,vllm_no_cache,999,13.57929,13.171911,13.986669,73.63709,0,1467.787,0.0
gemma4_e4b,4.0,dolly,templated,vllm_apc,999,10.981038,10.651607,11.310469,88.957259,25440,1141.29,19.1339
gemma4_e4b,4.0,dolly,templated,vllm_apc_meritkv,999,10.93575,10.607677,11.263823,91.437662,25728,1137.996,19.4674
gemma4_e4b,4.0,samsum,rag,vllm_no_cache,42,14.857137,14.411423,15.302851,67.303967,0,1766.995,0.0
gemma4_e4b,4.0,samsum,rag,vllm_apc,42,12.008038,11.647797,12.368279,83.27291,34976,1373.216,19.1766
gemma4_e4b,4.0,samsum,rag,vllm_apc_meritkv,42,11.959121,11.600347,12.317895,83.613525,35334,1369.3,19.5059
gemma4_e4b,4.0,samsum,rag,vllm_no_cache,123,14.671766,14.231613,15.111919,68.154322,0,1752.677,0.0
gemma4_e4b,4.0,samsum,rag,vllm_apc,123,11.85059,11.495072,12.206108,82.399423,34976,1361.213,19.2286
gemma4_e4b,4.0,samsum,rag,vllm_apc_meritkv,123,11.802284,11.448215,12.156353,84.724637,35334,1357.329,19.5579
gemma4_e4b,4.0,samsum,rag,vllm_no_cache,456,14.670787,14.230663,15.110911,68.158868,0,1752.513,0.0
gemma4_e4b,4.0,samsum,rag,vllm_apc,456,11.851529,11.495983,12.207075,82.404632,34976,1361.284,19.2168
gemma4_e4b,4.0,samsum,rag,vllm_apc_meritkv,456,11.803226,11.449129,12.157323,84.717875,35334,1357.401,19.5461
gemma4_e4b,4.0,samsum,rag,vllm_no_cache,789,14.669807,14.229713,15.109901,68.163423,0,1752.349,0.0
gemma4_e4b,4.0,samsum,rag,vllm_apc,789,11.852468,11.496894,12.208042,82.409841,34976,1361.356,19.205
gemma4_e4b,4.0,samsum,rag,vllm_apc_meritkv,789,11.804168,11.450043,12.158293,84.711114,35334,1357.473,19.5343
gemma4_e4b,4.0,samsum,rag,vllm_no_cache,999,14.667929,14.227891,15.107967,68.172147,0,1752.095,0.0
gemma4_e4b,4.0,samsum,rag,vllm_apc,999,11.85306,11.497468,12.208652,82.413125,34976,1361.401,19.1906
gemma4_e4b,4.0,samsum,rag,vllm_apc_meritkv,999,11.804766,11.450623,12.158909,84.706821,35334,1357.518,19.5199
gemma4_e4b,4.0,samsum,templated,vllm_no_cache,42,14.982434,14.532961,15.431907,66.740204,0,1744.704,0.0
gemma4_e4b,4.0,samsum,templated,vllm_apc,42,11.999077,11.639105,12.359049,83.333966,34656,1343.55,19.9124
gemma4_e4b,4.0,samsum,templated,vllm_apc_meritkv,42,11.95021,11.591704,12.308716,83.674734,35026,1339.72,20.2385
gemma4_e4b,4.0,samsum,templated,vllm_no_cache,123,14.795449,14.351586,15.239312,67.583666,0,1730.56,0.0
gemma4_e4b,4.0,samsum,templated,vllm_apc,123,11.841747,11.486495,12.196999,82.459839,34656,1331.806,19.9636
gemma4_e4b,4.0,samsum,templated,vllm_apc_meritkv,123,11.79349,11.439685,12.147295,84.786661,35026,1328.007,20.2897
gemma4_e4b,4.0,samsum,templated,vllm_no_cache,456,14.794473,14.350639,15.238307,67.588122,0,1730.4,0.0
gemma4_e4b,4.0,samsum,templated,vllm_apc,456,11.842685,11.487404,12.197966,82.465052,34656,1331.876,19.952
gemma4_e4b,4.0,samsum,templated,vllm_apc_meritkv,456,11.794432,11.440599,12.148265,84.779894,35026,1328.077,20.2781
gemma4_e4b,4.0,samsum,templated,vllm_no_cache,789,14.793496,14.349691,15.237301,67.592587,0,1730.24,0.0
gemma4_e4b,4.0,samsum,templated,vllm_apc,789,11.843624,11.488315,12.198933,82.470264,34656,1331.946,19.9403
gemma4_e4b,4.0,samsum,templated,vllm_apc_meritkv,789,11.795373,11.441512,12.149234,84.773127,35026,1328.148,20.2665
gemma4_e4b,4.0,samsum,templated,vllm_no_cache,999,14.791617,14.347868,15.235366,67.601174,0,1729.991,0.0
gemma4_e4b,4.0,samsum,templated,vllm_apc,999,11.844215,11.488889,12.199541,82.473551,34656,1331.99,19.9262
gemma4_e4b,4.0,samsum,templated,vllm_apc_meritkv,999,11.795971,11.442092,12.14985,84.768831,35026,1328.193,20.2523
gemma4_e4b,4.0,xsum,rag,vllm_no_cache,42,20.317532,19.708006,20.927058,49.215946,0,2754.803,0.0
gemma4_e4b,4.0,xsum,rag,vllm_apc,42,16.257623,15.769894,16.745352,61.50632,30144,2119.548,19.9823
gemma4_e4b,4.0,xsum,rag,vllm_apc_meritkv,42,16.193292,15.707493,16.679091,61.750664,30316,2113.677,20.2989
gemma4_e4b,4.0,xsum,rag,vllm_no_cache,123,20.064059,19.462137,20.665981,49.8377,0,2732.484,0.0
gemma4_e4b,4.0,xsum,rag,vllm_apc,123,16.044456,15.563122,16.52579,60.861152,30144,2101.021,20.0338
gemma4_e4b,4.0,xsum,rag,vllm_apc_meritkv,123,15.980928,15.5015,16.460356,62.571244,30316,2095.198,20.3505
gemma4_e4b,4.0,xsum,rag,vllm_no_cache,456,20.062713,19.460832,20.664594,49.841044,0,2732.228,0.0
gemma4_e4b,4.0,xsum,rag,vllm_apc,456,16.045727,15.564355,16.527099,60.864999,30144,2101.132,20.0221
gemma4_e4b,4.0,xsum,rag,vllm_apc_meritkv,456,15.982204,15.502738,16.46167,62.566251,30316,2095.309,20.3388
gemma4_e4b,4.0,xsum,rag,vllm_no_cache,789,20.061368,19.459527,20.663209,49.844386,0,2731.972,0.0
gemma4_e4b,4.0,xsum,rag,vllm_apc,789,16.046999,15.565589,16.528409,60.868846,30144,2101.242,20.0104
gemma4_e4b,4.0,xsum,rag,vllm_apc_meritkv,789,15.983479,15.503975,16.462983,62.561259,30316,2095.42,20.3271
gemma4_e4b,4.0,xsum,rag,vllm_no_cache,999,20.058793,19.457029,20.660557,49.850784,0,2731.575,0.0
gemma4_e4b,4.0,xsum,rag,vllm_apc,999,16.0478,15.566366,16.529234,60.871273,30144,2101.312,19.9962
gemma4_e4b,4.0,xsum,rag,vllm_apc_meritkv,999,15.984289,15.50476,16.463818,62.55809,30316,2095.491,20.3128
gemma4_e4b,4.0,xsum,templated,vllm_no_cache,42,19.722536,19.13086,20.314212,50.700894,0,2737.207,0.0
gemma4_e4b,4.0,xsum,templated,vllm_apc,42,15.766061,15.293079,16.239043,63.424226,29344,2103.947,20.0607
gemma4_e4b,4.0,xsum,templated,vllm_apc_meritkv,42,15.703588,15.23248,16.174696,63.676543,29513,2098.111,20.3774
gemma4_e4b,4.0,xsum,templated,vllm_no_cache,123,19.47652,18.892224,20.060816,51.341319,0,2715.036,0.0
gemma4_e4b,4.0,xsum,templated,vllm_apc,123,15.559339,15.092559,16.026119,62.758941,29344,2085.557,20.1123
gemma4_e4b,4.0,xsum,templated,vllm_apc_meritkv,123,15.497646,15.032717,15.962575,64.522715,29513,2079.768,20.4291
gemma4_e4b,4.0,xsum,templated,vllm_no_cache,456,19.58396,18.996441,20.171479,51.059652,0,2729.94,0.0
gemma4_e4b,4.0,xsum,templated,vllm_apc,456,15.560572,15.093755,16.027389,62.762908,29344,2085.666,20.5443
gemma4_e4b,4.0,xsum,templated,vllm_apc_meritkv,456,15.498539,15.033583,15.963495,64.518996,29513,2079.846,20.8611
gemma4_e4b,4.0,xsum,templated,vllm_no_cache,789,19.582654,18.995174,20.170134,51.063059,0,2729.685,0.0
gemma4_e4b,4.0,xsum,templated,vllm_apc,789,15.561805,15.094951,16.028659,62.766875,29344,2085.776,20.5327
gemma4_e4b,4.0,xsum,templated,vllm_apc_meritkv,789,15.499776,15.034783,15.964769,64.513848,29513,2079.956,20.8495
gemma4_e4b,4.0,xsum,templated,vllm_no_cache,999,19.471384,18.887242,20.055526,51.35486,0,2714.13,0.0
gemma4_e4b,4.0,xsum,templated,vllm_apc,999,15.562582,15.095705,16.029459,62.769377,29344,2085.845,20.0746
gemma4_e4b,4.0,xsum,templated,vllm_apc_meritkv,999,15.500905,15.035878,15.965932,64.50915,29513,2080.059,20.3914
gemma4_12b,12.0,ag_news,rag,vllm_no_cache,42,26.435604,25.642536,27.228672,37.826329,0,3734.029,0.0
gemma4_12b,12.0,ag_news,rag,vllm_apc,42,21.522365,20.876694,22.168036,46.461523,17472,2923.11,18.5857
gemma4_12b,12.0,ag_news,rag,vllm_apc_meritkv,42,21.392275,20.750507,22.034043,46.744063,17612,2910.742,19.0778
gemma4_12b,12.0,ag_news,rag,vllm_no_cache,123,26.323758,25.534045,27.113471,37.987048,0,3732.338,0.0
gemma4_12b,12.0,ag_news,rag,vllm_apc,123,21.280185,20.641779,21.918591,46.043276,17472,2901.183,19.1598
gemma4_12b,12.0,ag_news,rag,vllm_apc_meritkv,123,21.15219,20.517624,21.786756,47.274627,17612,2888.968,19.646
gemma4_12b,12.0,ag_news,rag,vllm_no_cache,456,26.153212,25.368616,26.937808,38.234763,0,3708.058,0.0
gemma4_12b,12.0,ag_news,rag,vllm_apc,456,21.281868,20.643412,21.920324,46.046182,17472,2901.335,18.6262
gemma4_12b,12.0,ag_news,rag,vllm_apc_meritkv,456,21.153167,20.518572,21.787762,47.272441,17612,2889.053,19.1183
gemma4_12b,12.0,ag_news,rag,vllm_no_cache,789,26.15146,25.366916,26.936004,38.237324,0,3707.711,0.0
gemma4_12b,12.0,ag_news,rag,vllm_apc,789,21.28355,20.645043,21.922057,46.049088,17472,2901.487,18.6143
gemma4_12b,12.0,ag_news,rag,vllm_apc_meritkv,789,21.154859,20.520213,21.789505,47.268662,17612,2889.207,19.1064
gemma4_12b,12.0,ag_news,rag,vllm_no_cache,999,26.148108,25.363665,26.932551,38.242227,0,3707.174,0.0
gemma4_12b,12.0,ag_news,rag,vllm_apc,999,21.284612,20.646074,21.92315,46.050921,17472,2901.584,18.5998
gemma4_12b,12.0,ag_news,rag,vllm_apc_meritkv,999,21.155936,20.521258,21.790614,47.266254,17612,2889.305,19.0919
gemma4_12b,12.0,ag_news,templated,vllm_no_cache,42,26.475182,25.680927,27.269437,37.769775,0,3737.007,0.0
gemma4_12b,12.0,ag_news,templated,vllm_apc,42,21.352329,20.711759,21.992899,46.831503,17408,2897.99,19.3496
gemma4_12b,12.0,ag_news,templated,vllm_apc_meritkv,42,21.223259,20.586561,21.859957,47.11631,17556,2885.728,19.8372
gemma4_12b,12.0,ag_news,templated,vllm_no_cache,123,26.049164,25.267689,26.830639,38.387476,0,3690.824,0.0
gemma4_12b,12.0,ag_news,templated,vllm_apc,123,21.112061,20.478699,21.745423,46.409926,17408,2876.251,18.953
gemma4_12b,12.0,ag_news,templated,vllm_apc_meritkv,123,20.983535,20.354029,21.613041,47.654586,17556,2863.994,19.4464
gemma4_12b,12.0,ag_news,templated,vllm_no_cache,456,26.1923,25.406531,26.978069,38.177695,0,3711.006,0.0
gemma4_12b,12.0,ag_news,templated,vllm_apc,456,21.113731,20.480319,21.747143,46.412855,17408,2876.402,19.3895
gemma4_12b,12.0,ag_news,templated,vllm_apc_meritkv,456,20.98604,20.356459,21.615621,47.648897,17556,2864.225,19.8771
gemma4_12b,12.0,ag_news,templated,vllm_no_cache,789,26.190563,25.404846,26.97628,38.180227,0,3710.661,0.0
gemma4_12b,12.0,ag_news,templated,vllm_apc,789,21.1154,20.481938,21.748862,46.415785,17408,2876.553,19.3778
gemma4_12b,12.0,ag_news,templated,vllm_apc_meritkv,789,20.987718,20.358086,21.61735,47.645087,17556,2864.377,19.8653
gemma4_12b,12.0,ag_news,templated,vllm_no_cache,999,26.187233,25.401616,26.97285,38.185082,0,3710.127,0.0
gemma4_12b,12.0,ag_news,templated,vllm_apc,999,21.116453,20.482959,21.749947,46.417632,17408,2876.649,19.3636
gemma4_12b,12.0,ag_news,templated,vllm_apc_meritkv,999,20.988787,20.359123,21.618451,47.64266,17556,2864.474,19.8511
gemma4_12b,12.0,daily_dialog,rag,vllm_no_cache,42,26.662543,25.862667,27.462419,37.504397,0,3532.632,0.0
gemma4_12b,12.0,daily_dialog,rag,vllm_apc,42,21.563678,20.916768,22.210588,46.372543,33472,2747.175,19.1237
gemma4_12b,12.0,daily_dialog,rag,vllm_apc_meritkv,42,21.429465,20.786581,22.072349,46.662975,33889,2735.206,19.6271
gemma4_12b,12.0,daily_dialog,rag,vllm_no_cache,123,26.37944,25.588057,27.170823,37.906892,0,3508.382,0.0
gemma4_12b,12.0,daily_dialog,rag,vllm_apc,123,21.321033,20.681402,21.960664,45.955097,33472,2726.567,19.1756
gemma4_12b,12.0,daily_dialog,rag,vllm_apc_meritkv,123,21.188245,20.552598,21.823892,47.194215,33889,2714.681,19.6789
gemma4_12b,12.0,daily_dialog,rag,vllm_no_cache,456,26.207981,25.421742,26.99422,38.154888,0,3485.486,0.0
gemma4_12b,12.0,daily_dialog,rag,vllm_apc,456,21.322719,20.683037,21.962401,45.957997,33472,2726.711,18.6404
gemma4_12b,12.0,daily_dialog,rag,vllm_apc_meritkv,456,21.190791,20.555067,21.826515,47.188544,33889,2714.901,19.1437
gemma4_12b,12.0,daily_dialog,rag,vllm_no_cache,789,26.206211,25.420025,26.992397,38.157465,0,3485.158,0.0
gemma4_12b,12.0,daily_dialog,rag,vllm_apc,789,21.324405,20.684673,21.964137,45.960898,33472,2726.854,18.6284
gemma4_12b,12.0,daily_dialog,rag,vllm_apc_meritkv,789,21.192486,20.556711,21.828261,47.18477,33889,2715.046,19.1318
gemma4_12b,12.0,daily_dialog,rag,vllm_no_cache,999,26.372566,25.581389,27.163743,37.916773,0,3507.223,0.0
gemma4_12b,12.0,daily_dialog,rag,vllm_apc,999,21.325468,20.685704,21.965232,45.962727,33472,2726.944,19.1377
gemma4_12b,12.0,daily_dialog,rag,vllm_apc_meritkv,999,21.192714,20.556933,21.828495,47.184262,33889,2715.061,19.6411
gemma4_12b,12.0,daily_dialog,templated,vllm_no_cache,42,26.359723,25.568931,27.150515,37.935197,0,3353.853,0.0
gemma4_12b,12.0,daily_dialog,templated,vllm_apc,42,21.367104,20.726091,22.008117,46.799103,33216,2614.06,18.9403
gemma4_12b,12.0,daily_dialog,templated,vllm_apc_meritkv,42,21.233857,20.596841,21.870873,47.092776,33654,2602.649,19.4458
gemma4_12b,12.0,daily_dialog,templated,vllm_no_cache,123,26.248733,25.461271,27.036195,38.095602,0,3352.402,0.0
gemma4_12b,12.0,daily_dialog,templated,vllm_apc,123,21.12667,20.49287,21.76047,46.377817,33216,2594.451,19.5136
gemma4_12b,12.0,daily_dialog,templated,vllm_apc_meritkv,123,20.993988,20.364168,21.623808,47.63084,33654,2583.045,20.019
gemma4_12b,12.0,daily_dialog,templated,vllm_no_cache,456,26.078179,25.295834,26.860524,38.344751,0,3330.531,0.0
gemma4_12b,12.0,daily_dialog,templated,vllm_apc,456,21.128341,20.494491,21.762191,46.380744,33216,2594.587,18.9808
gemma4_12b,12.0,daily_dialog,templated,vllm_apc_meritkv,456,20.996518,20.366622,21.626414,47.625101,33654,2583.256,19.4863
gemma4_12b,12.0,daily_dialog,templated,vllm_no_cache,789,26.076421,25.294128,26.858714,38.347336,0,3330.218,0.0
gemma4_12b,12.0,daily_dialog,templated,vllm_apc,789,21.130012,20.496112,21.763912,46.383671,33216,2594.724,18.9689
gemma4_12b,12.0,daily_dialog,templated,vllm_apc_meritkv,789,20.998197,20.368251,21.628143,47.621292,33654,2583.393,19.4744
gemma4_12b,12.0,daily_dialog,templated,vllm_no_cache,999,26.073065,25.290873,26.855257,38.352272,0,3329.734,0.0
gemma4_12b,12.0,daily_dialog,templated,vllm_apc,999,21.131065,20.497133,21.764997,46.385517,33216,2594.809,18.9544
gemma4_12b,12.0,daily_dialog,templated,vllm_apc_meritkv,999,20.999268,20.36929,21.629246,47.618864,33654,2583.481,19.4599
gemma4_12b,12.0,dolly,rag,vllm_no_cache,42,28.272072,27.42391,29.120234,35.369127,0,4026.559,0.0
gemma4_12b,12.0,dolly,rag,vllm_apc,42,22.895228,22.208371,23.582085,43.675411,20224,3135.365,19.0182
gemma4_12b,12.0,dolly,rag,vllm_apc_meritkv,42,22.756183,22.073498,23.438868,43.942277,20390,3122.036,19.51
gemma4_12b,12.0,dolly,rag,vllm_no_cache,123,27.971874,27.132718,28.81103,35.748712,0,3998.919,0.0
gemma4_12b,12.0,dolly,rag,vllm_apc,123,22.637599,21.958471,23.316727,43.282245,20224,3111.846,19.0701
gemma4_12b,12.0,dolly,rag,vllm_apc_meritkv,123,22.500031,21.82503,23.175032,44.442538,20390,3098.608,19.5619
gemma4_12b,12.0,dolly,rag,vllm_no_cache,456,27.970013,27.130913,28.809113,35.751091,0,3998.546,0.0
gemma4_12b,12.0,dolly,rag,vllm_apc,456,22.639389,21.960207,23.318571,43.284977,20224,3112.009,19.0584
gemma4_12b,12.0,dolly,rag,vllm_apc_meritkv,456,22.50183,21.826775,23.176885,44.438984,20390,3098.773,19.5502
gemma4_12b,12.0,dolly,rag,vllm_no_cache,789,27.788235,26.954588,28.621882,35.984959,0,3972.454,0.0
gemma4_12b,12.0,dolly,rag,vllm_apc,789,22.641179,21.961944,23.320414,43.287709,20224,3112.172,18.5224
gemma4_12b,12.0,dolly,rag,vllm_apc_meritkv,789,22.504512,21.829377,23.179647,44.43369,20390,3099.022,19.0142
gemma4_12b,12.0,dolly,rag,vllm_no_cache,999,27.964586,27.125648,28.803524,35.758029,0,3997.597,0.0
gemma4_12b,12.0,dolly,rag,vllm_apc,999,22.642308,21.963039,23.321577,43.289431,20224,3112.275,19.0322
gemma4_12b,12.0,dolly,rag,vllm_apc_meritkv,999,22.504776,21.829633,23.179919,44.433168,20390,3099.042,19.524
gemma4_12b,12.0,dolly,templated,vllm_no_cache,42,27.823132,26.988438,28.657826,35.939996,0,3853.755,0.0
gemma4_12b,12.0,dolly,templated,vllm_apc,42,22.601482,21.923438,23.279526,44.243261,17408,3010.105,18.7673
gemma4_12b,12.0,dolly,templated,vllm_apc_meritkv,42,22.465001,21.791051,23.138951,44.51205,17542,2997.381,19.2578
gemma4_12b,12.0,dolly,templated,vllm_no_cache,123,27.52782,26.701985,28.353655,36.325551,0,3827.317,0.0
gemma4_12b,12.0,dolly,templated,vllm_apc,123,22.347158,21.676743,23.017573,43.844983,17408,2987.525,18.8197
gemma4_12b,12.0,dolly,templated,vllm_apc_meritkv,123,22.212127,21.545763,22.878491,45.018798,17542,2974.889,19.3103
gemma4_12b,12.0,dolly,templated,vllm_no_cache,456,27.525962,26.700183,28.351741,36.328004,0,3826.957,0.0
gemma4_12b,12.0,dolly,templated,vllm_apc,456,22.348926,21.678458,23.019394,43.84775,17408,2987.682,18.8078
gemma4_12b,12.0,dolly,templated,vllm_apc_meritkv,456,22.213903,21.547486,22.88032,45.015199,17542,2975.047,19.2984
gemma4_12b,12.0,dolly,templated,vllm_no_cache,789,27.677678,26.847348,28.508008,36.12887,0,3847.948,0.0
gemma4_12b,12.0,dolly,templated,vllm_apc,789,22.350693,21.680172,23.021214,43.850518,17408,2987.839,19.2465
gemma4_12b,12.0,dolly,templated,vllm_apc_meritkv,789,22.214928,21.54848,22.881376,45.013121,17542,2975.135,19.737
gemma4_12b,12.0,dolly,templated,vllm_no_cache,999,27.520561,26.694944,28.346178,36.335133,0,3826.04,0.0
gemma4_12b,12.0,dolly,templated,vllm_apc,999,22.351807,21.681253,23.022361,43.852263,17408,2987.938,18.7814
gemma4_12b,12.0,dolly,templated,vllm_apc_meritkv,999,22.216811,21.550307,22.883315,45.009307,17542,2975.306,19.272
gemma4_12b,12.0,samsum,rag,vllm_no_cache,42,29.511433,28.62609,30.396776,33.883996,0,4241.343,0.0
gemma4_12b,12.0,samsum,rag,vllm_apc,42,23.705273,22.994115,24.416431,42.183243,34688,3275.855,19.6743
gemma4_12b,12.0,samsum,rag,vllm_apc_meritkv,42,23.561135,22.854301,24.267969,42.441304,35040,3261.912,20.1627
gemma4_12b,12.0,samsum,rag,vllm_no_cache,123,29.198042,28.322101,30.073983,34.247682,0,4212.223,0.0
gemma4_12b,12.0,samsum,rag,vllm_apc,123,23.438529,22.735373,24.141685,41.803509,34688,3251.282,19.7257
gemma4_12b,12.0,samsum,rag,vllm_apc_meritkv,123,23.295921,22.597043,23.994799,42.924479,35040,3237.434,20.2141
gemma4_12b,12.0,samsum,rag,vllm_no_cache,456,29.008656,28.138396,29.878916,34.471272,0,4184.79,0.0
gemma4_12b,12.0,samsum,rag,vllm_apc,456,23.440382,22.737171,24.143593,41.806148,34688,3251.452,19.1952
gemma4_12b,12.0,samsum,rag,vllm_apc_meritkv,456,23.296988,22.598078,23.995898,42.922513,35040,3237.529,19.6895
gemma4_12b,12.0,samsum,rag,vllm_no_cache,789,29.006705,28.136504,29.876906,34.47359,0,4184.397,0.0
gemma4_12b,12.0,samsum,rag,vllm_apc,789,23.442236,22.738969,24.145503,41.808786,34688,3251.623,19.1834
gemma4_12b,12.0,samsum,rag,vllm_apc_meritkv,789,23.298851,22.599885,23.997817,42.919081,35040,3237.701,19.6777
gemma4_12b,12.0,samsum,rag,vllm_no_cache,999,29.190462,28.314748,30.066176,34.256576,0,4210.835,0.0
gemma4_12b,12.0,samsum,rag,vllm_apc,999,23.443405,22.740103,24.146707,41.81045,34688,3251.731,19.6881
gemma4_12b,12.0,samsum,rag,vllm_apc_meritkv,999,23.300834,22.601809,23.999859,42.915428,35040,3237.888,20.1765
gemma4_12b,12.0,samsum,templated,vllm_no_cache,42,29.109646,28.236357,29.982935,34.351604,0,4128.487,0.0
gemma4_12b,12.0,samsum,templated,vllm_apc,42,23.392671,22.690891,24.094451,42.746852,34368,3190.072,19.6395
gemma4_12b,12.0,samsum,templated,vllm_apc_meritkv,42,23.24841,22.550958,23.945862,43.012106,34732,3176.301,20.135
gemma4_12b,12.0,samsum,templated,vllm_no_cache,123,28.640631,27.781412,29.49985,34.914142,0,4077.379,0.0
gemma4_12b,12.0,samsum,templated,vllm_apc,123,23.129445,22.435562,23.823328,42.362045,34368,3166.142,19.2425
gemma4_12b,12.0,samsum,templated,vllm_apc_meritkv,123,22.987506,22.297881,23.677131,43.500285,34732,3152.541,19.7381
gemma4_12b,12.0,samsum,templated,vllm_no_cache,456,28.798675,27.934715,29.662635,34.722537,0,4099.77,0.0
gemma4_12b,12.0,samsum,templated,vllm_apc,456,23.131274,22.437336,23.825212,42.364719,34368,3166.308,19.6794
gemma4_12b,12.0,samsum,templated,vllm_apc_meritkv,456,22.988554,22.298897,23.678211,43.498302,34732,3152.633,20.175
gemma4_12b,12.0,samsum,templated,vllm_no_cache,789,28.79675,27.932847,29.660653,34.724858,0,4099.387,0.0
gemma4_12b,12.0,samsum,templated,vllm_apc,789,23.133103,22.43911,23.827096,42.367393,34368,3166.475,19.6677
gemma4_12b,12.0,samsum,templated,vllm_apc_meritkv,789,22.990392,22.30068,23.680104,43.494823,34732,3152.801,20.1632
gemma4_12b,12.0,samsum,templated,vllm_no_cache,999,28.793064,27.929272,29.656856,34.729304,0,4098.794,0.0
gemma4_12b,12.0,samsum,templated,vllm_apc,999,23.134256,22.440228,23.828284,42.369079,34368,3166.58,19.6534
gemma4_12b,12.0,samsum,templated,vllm_apc_meritkv,999,22.991564,22.301817,23.681311,43.492607,34732,3152.908,20.1489
gemma4_12b,12.0,xsum,rag,vllm_no_cache,42,44.501604,43.166556,45.836652,22.470452,0,6993.098,0.0
gemma4_12b,12.0,xsum,rag,vllm_apc,42,35.305164,34.246009,36.364319,28.323652,22784,5334.563,20.6654
gemma4_12b,12.0,xsum,rag,vllm_apc_meritkv,42,35.097808,34.044874,36.150742,28.490987,22882,5312.631,21.1314
gemma4_12b,12.0,xsum,rag,vllm_no_cache,123,43.785584,42.472016,45.099152,22.837909,0,6906.685,0.0
gemma4_12b,12.0,xsum,rag,vllm_apc,123,34.907893,33.860656,35.95513,28.068682,22784,5294.547,20.2754
gemma4_12b,12.0,xsum,rag,vllm_apc_meritkv,123,34.701409,33.660367,35.742451,28.816443,22882,5272.624,20.747
gemma4_12b,12.0,xsum,rag,vllm_no_cache,456,44.026107,42.705324,45.34689,22.713141,0,6944.44,0.0
gemma4_12b,12.0,xsum,rag,vllm_apc,456,34.910653,33.863333,35.957973,28.070454,22784,5294.825,20.7047
gemma4_12b,12.0,xsum,rag,vllm_apc_meritkv,456,34.705512,33.664347,35.746677,28.813037,22882,5273.045,21.1706
gemma4_12b,12.0,xsum,rag,vllm_no_cache,789,44.02319,42.702494,45.343886,22.714646,0,6943.796,0.0
gemma4_12b,12.0,xsum,rag,vllm_apc,789,34.913414,33.866012,35.960816,28.072225,22784,5295.103,20.6931
gemma4_12b,12.0,xsum,rag,vllm_apc_meritkv,789,34.708286,33.667037,35.749535,28.810734,22882,5273.325,21.1591
gemma4_12b,12.0,xsum,rag,vllm_no_cache,999,44.017595,42.697067,45.338123,22.717533,0,6942.797,0.0
gemma4_12b,12.0,xsum,rag,vllm_apc,999,34.915154,33.867699,35.962609,28.073343,22784,5295.278,20.6791
gemma4_12b,12.0,xsum,rag,vllm_apc_meritkv,999,34.710053,33.668751,35.751355,28.809267,22882,5273.504,21.145
gemma4_12b,12.0,xsum,templated,vllm_no_cache,42,43.572184,42.265018,44.87935,22.949764,0,6848.092,0.0
gemma4_12b,12.0,xsum,templated,vllm_apc,42,34.533478,33.497474,35.569482,28.956577,21440,5218.759,20.7442
gemma4_12b,12.0,xsum,templated,vllm_apc_meritkv,42,34.328101,33.298258,35.357944,29.129818,21530,5197.033,21.2156
gemma4_12b,12.0,xsum,templated,vllm_no_cache,123,43.109546,41.81626,44.402832,23.196053,0,6801.085,0.0
gemma4_12b,12.0,xsum,templated,vllm_apc,123,34.144891,33.120544,35.169238,28.69591,21440,5179.611,20.7951
gemma4_12b,12.0,xsum,templated,vllm_apc_meritkv,123,33.941694,32.923443,34.959945,29.461444,21530,5158.035,21.2664
gemma4_12b,12.0,xsum,templated,vllm_no_cache,456,43.106678,41.813478,44.399878,23.197597,0,6800.452,0.0
gemma4_12b,12.0,xsum,templated,vllm_apc,456,34.147591,33.123163,35.172019,28.697721,21440,5179.883,20.7835
gemma4_12b,12.0,xsum,templated,vllm_apc_meritkv,456,33.944407,32.926075,34.962739,29.459089,21530,5158.309,21.2549
gemma4_12b,12.0,xsum,templated,vllm_no_cache,789,42.826328,41.541538,44.111118,23.349453,0,6756.045,0.0
gemma4_12b,12.0,xsum,templated,vllm_apc,789,34.150291,33.125782,35.1748,28.699532,21440,5180.155,20.2587
gemma4_12b,12.0,xsum,templated,vllm_apc_meritkv,789,33.948425,32.929972,34.966878,29.455603,21530,5158.721,20.73
gemma4_12b,12.0,xsum,templated,vllm_no_cache,999,43.098304,41.805355,44.391253,23.202104,0,6798.837,0.0
gemma4_12b,12.0,xsum,templated,vllm_apc,999,34.151993,33.127433,35.176553,28.700674,21440,5180.327,20.7579
gemma4_12b,12.0,xsum,templated,vllm_apc_meritkv,999,33.94885,32.930385,34.967315,29.455234,21530,5158.757,21.2293
gemma4_26b_a4b,26.0,ag_news,rag,vllm_no_cache,42,31.647145,30.697731,32.596559,31.596995,0,3412.543,0.0
gemma4_26b_a4b,26.0,ag_news,rag,vllm_apc,42,25.687633,24.917004,26.458262,38.927476,25312,2663.387,18.8311
gemma4_26b_a4b,26.0,ag_news,rag,vllm_apc_meritkv,42,25.55488,24.788234,26.321526,39.129697,25606,2653.752,19.2506
gemma4_26b_a4b,26.0,ag_news,rag,vllm_no_cache,123,31.370032,30.428931,32.311133,31.876113,0,3393.354,0.0
gemma4_26b_a4b,26.0,ag_news,rag,vllm_apc,123,25.446344,24.682954,26.209734,38.634953,25312,2646.709,18.8833
gemma4_26b_a4b,26.0,ag_news,rag,vllm_apc_meritkv,123,25.314754,24.555311,26.074197,39.500866,25606,2637.129,19.3027
gemma4_26b_a4b,26.0,ag_news,rag,vllm_no_cache,456,31.367934,30.426896,32.308972,31.878246,0,3393.037,0.0
gemma4_26b_a4b,26.0,ag_news,rag,vllm_apc,456,25.448352,24.684901,26.211803,38.637388,25312,2646.848,18.8714
gemma4_26b_a4b,26.0,ag_news,rag,vllm_apc_meritkv,456,25.316771,24.557268,26.076274,39.497719,25606,2637.268,19.2909
gemma4_26b_a4b,26.0,ag_news,rag,vllm_no_cache,789,31.540034,30.593833,32.486235,31.7043,0,3411.563,0.0
gemma4_26b_a4b,26.0,ag_news,rag,vllm_apc,789,25.450361,24.68685,26.213872,38.639823,25312,2646.987,19.3078
gemma4_26b_a4b,26.0,ag_news,rag,vllm_apc_meritkv,789,25.319634,24.560045,26.079223,39.493253,25606,2637.47,19.7222
gemma4_26b_a4b,26.0,ag_news,rag,vllm_no_cache,999,31.361818,30.420963,32.302673,31.884462,0,3392.229,0.0
gemma4_26b_a4b,26.0,ag_news,rag,vllm_apc,999,25.451627,24.688078,26.215176,38.641359,25312,2647.075,18.8452
gemma4_26b_a4b,26.0,ag_news,rag,vllm_apc_meritkv,999,25.320071,24.560469,26.079673,39.49257,25606,2637.497,19.2647
gemma4_26b_a4b,26.0,ag_news,templated,vllm_no_cache,42,30.572804,29.65562,31.489988,32.707317,0,3249.218,0.0
gemma4_26b_a4b,26.0,ag_news,templated,vllm_apc,42,24.705366,23.964205,25.446527,40.47519,25184,2524.652,19.1917
gemma4_26b_a4b,26.0,ag_news,templated,vllm_apc_meritkv,42,24.576654,23.839354,25.313954,40.687166,25494,2515.445,19.6127
gemma4_26b_a4b,26.0,ag_news,templated,vllm_no_cache,123,30.305092,29.395939,31.214245,32.99625,0,3230.947,0.0
gemma4_26b_a4b,26.0,ag_news,templated,vllm_apc,123,24.473304,23.739105,25.207503,40.171038,25184,2508.843,19.2436
gemma4_26b_a4b,26.0,ag_news,templated,vllm_apc_meritkv,123,24.345719,23.615347,25.076091,41.07311,25494,2499.688,19.6646
gemma4_26b_a4b,26.0,ag_news,templated,vllm_no_cache,456,30.10781,29.204576,31.011044,33.212459,0,3209.829,0.0
gemma4_26b_a4b,26.0,ag_news,templated,vllm_apc,456,24.475236,23.740979,25.209493,40.173569,25184,2508.975,18.708
gemma4_26b_a4b,26.0,ag_news,templated,vllm_apc_meritkv,456,24.348479,23.618025,25.078933,41.068455,25494,2499.879,19.129
gemma4_26b_a4b,26.0,ag_news,templated,vllm_no_cache,789,30.46927,29.555192,31.383348,32.818456,0,3248.279,0.0
gemma4_26b_a4b,26.0,ag_news,templated,vllm_apc,789,24.477167,23.742852,25.211482,40.176101,25184,2509.106,19.6661
gemma4_26b_a4b,26.0,ag_news,templated,vllm_apc_meritkv,789,24.350419,23.619906,25.080932,41.065182,25494,2500.011,20.082
gemma4_26b_a4b,26.0,ag_news,templated,vllm_no_cache,999,30.297159,29.388244,31.206074,33.00489,0,3229.876,0.0
gemma4_26b_a4b,26.0,ag_news,templated,vllm_apc,999,24.478385,23.744033,25.212737,40.177697,25184,2509.189,19.2057
gemma4_26b_a4b,26.0,ag_news,templated,vllm_apc_meritkv,999,24.350834,23.620309,25.081359,41.064483,25494,2500.037,19.6267
gemma4_26b_a4b,26.0,daily_dialog,rag,vllm_no_cache,42,30.928286,30.000437,31.856135,32.33157,0,3364.19,0.0
gemma4_26b_a4b,26.0,daily_dialog,rag,vllm_apc,42,24.946566,24.198169,25.694963,40.084076,33760,2609.168,19.3406
gemma4_26b_a4b,26.0,daily_dialog,rag,vllm_apc_meritkv,42,24.816568,24.072071,25.561065,40.29405,34184,2599.65,19.7609
gemma4_26b_a4b,26.0,daily_dialog,rag,vllm_no_cache,123,30.657411,29.737689,31.577133,32.617238,0,3345.267,0.0
gemma4_26b_a4b,26.0,daily_dialog,rag,vllm_apc,123,24.712238,23.970871,25.453605,39.782862,33760,2592.83,19.3923
gemma4_26b_a4b,26.0,daily_dialog,rag,vllm_apc_meritkv,123,24.584916,23.847369,25.322463,40.673722,34184,2583.479,19.8076
gemma4_26b_a4b,26.0,daily_dialog,rag,vllm_no_cache,456,30.458357,29.544606,31.372108,32.8304,0,3323.458,0.0
gemma4_26b_a4b,26.0,daily_dialog,rag,vllm_apc,456,24.714188,23.972762,25.455614,39.78537,33760,2592.966,18.8591
gemma4_26b_a4b,26.0,daily_dialog,rag,vllm_apc_meritkv,456,24.586164,23.848579,25.323749,40.671658,34184,2583.563,19.2794
gemma4_26b_a4b,26.0,daily_dialog,rag,vllm_no_cache,789,30.4563,29.542611,31.369989,32.832618,0,3323.146,0.0
gemma4_26b_a4b,26.0,daily_dialog,rag,vllm_apc,789,24.716139,23.974655,25.457623,39.787877,33760,2593.102,18.8472
gemma4_26b_a4b,26.0,daily_dialog,rag,vllm_apc_meritkv,789,24.588123,23.850479,25.325767,40.668418,34184,2583.7,19.2675
gemma4_26b_a4b,26.0,daily_dialog,rag,vllm_no_cache,999,30.649425,29.729942,31.568908,32.625736,0,3344.163,0.0
gemma4_26b_a4b,26.0,daily_dialog,rag,vllm_apc,999,24.717369,23.975848,25.45889,39.789458,33760,2593.188,19.3545
gemma4_26b_a4b,26.0,daily_dialog,rag,vllm_apc_meritkv,999,24.588543,23.850887,25.326199,40.667722,34184,2583.727,19.7749
gemma4_26b_a4b,26.0,daily_dialog,templated,vllm_no_cache,42,29.075555,28.203288,29.947822,34.391709,0,3052.001,0.0
gemma4_26b_a4b,26.0,daily_dialog,templated,vllm_apc,42,23.462144,22.75828,24.166008,42.620061,33472,2368.051,19.3063
gemma4_26b_a4b,26.0,daily_dialog,templated,vllm_apc_meritkv,42,23.339425,22.639242,24.039608,42.844159,33916,2359.381,19.7284
gemma4_26b_a4b,26.0,daily_dialog,templated,vllm_no_cache,123,29.006979,28.13677,29.877188,34.473016,0,3054.428,0.0
gemma4_26b_a4b,26.0,daily_dialog,templated,vllm_apc,123,23.24176,22.544507,23.939013,42.299791,33472,2353.223,19.8753
gemma4_26b_a4b,26.0,daily_dialog,templated,vllm_apc_meritkv,123,23.12079,22.427166,23.814414,43.249303,33916,2344.649,20.2923
gemma4_26b_a4b,26.0,daily_dialog,templated,vllm_no_cache,456,28.819049,27.954478,29.68362,34.697815,0,3034.558,0.0
gemma4_26b_a4b,26.0,daily_dialog,templated,vllm_apc,456,23.243594,22.546286,23.940902,42.302457,33472,2353.346,19.3464
gemma4_26b_a4b,26.0,daily_dialog,templated,vllm_apc_meritkv,456,23.121958,22.428299,23.815617,43.247118,33916,2344.725,19.7685
gemma4_26b_a4b,26.0,daily_dialog,templated,vllm_no_cache,789,28.817115,27.952602,29.681628,34.700144,0,3034.274,0.0
gemma4_26b_a4b,26.0,daily_dialog,templated,vllm_apc,789,23.245429,22.548066,23.942792,42.305122,33472,2353.47,19.3346
gemma4_26b_a4b,26.0,daily_dialog,templated,vllm_apc_meritkv,789,23.1238,22.430086,23.817514,43.243672,33916,2344.85,19.7567
gemma4_26b_a4b,26.0,daily_dialog,templated,vllm_no_cache,999,28.813418,27.949015,29.677821,34.704596,0,3033.835,0.0
gemma4_26b_a4b,26.0,daily_dialog,templated,vllm_apc,999,23.246586,22.549188,23.943984,42.306804,33472,2353.547,19.3203
gemma4_26b_a4b,26.0,daily_dialog,templated,vllm_apc_meritkv,999,23.124973,22.431224,23.818722,43.241479,33916,2344.929,19.7423
gemma4_26b_a4b,26.0,dolly,rag,vllm_no_cache,42,30.691416,29.770674,31.612158,32.580947,0,3412.642,0.0
gemma4_26b_a4b,26.0,dolly,rag,vllm_apc,42,24.764559,24.021622,25.507496,40.378486,26848,2647.714,19.3111
gemma4_26b_a4b,26.0,dolly,rag,vllm_apc_meritkv,42,24.638099,23.898956,25.377242,40.585736,27142,2638.25,19.7232
gemma4_26b_a4b,26.0,dolly,rag,vllm_no_cache,123,30.422592,29.509914,31.33527,32.868842,0,3393.444,0.0
gemma4_26b_a4b,26.0,dolly,rag,vllm_apc,123,24.531941,23.795983,25.267899,40.075059,26848,2631.135,19.3628
gemma4_26b_a4b,26.0,dolly,rag,vllm_apc_meritkv,123,24.406588,23.67439,25.138786,40.970716,27142,2621.723,19.7748
gemma4_26b_a4b,26.0,dolly,rag,vllm_no_cache,456,30.420575,29.507958,31.333192,32.871022,0,3393.129,0.0
gemma4_26b_a4b,26.0,dolly,rag,vllm_apc,456,24.533877,23.797861,25.269893,40.077585,26848,2631.273,19.351
gemma4_26b_a4b,26.0,dolly,rag,vllm_apc_meritkv,456,24.408533,23.676277,25.140789,40.967452,27142,2621.862,19.7631
gemma4_26b_a4b,26.0,dolly,rag,vllm_no_cache,789,30.223263,29.316565,31.129961,33.08562,0,3371.032,0.0
gemma4_26b_a4b,26.0,dolly,rag,vllm_apc,789,24.535813,23.799739,25.271887,40.080111,26848,2631.411,18.8181
gemma4_26b_a4b,26.0,dolly,rag,vllm_apc_meritkv,789,24.409778,23.677485,25.142071,40.965362,27142,2621.949,19.2351
gemma4_26b_a4b,26.0,dolly,rag,vllm_no_cache,999,30.414685,29.502244,31.327126,32.877388,0,3392.326,0.0
gemma4_26b_a4b,26.0,dolly,rag,vllm_apc,999,24.537034,23.800923,25.273145,40.081703,26848,2631.498,19.325
gemma4_26b_a4b,26.0,dolly,rag,vllm_apc_meritkv,999,24.411715,23.679364,25.144066,40.962112,27142,2622.09,19.7371
gemma4_26b_a4b,26.0,dolly,templated,vllm_no_cache,42,30.058301,29.156552,30.96005,33.267255,0,3243.69,0.0
gemma4_26b_a4b,26.0,dolly,templated,vllm_apc,42,24.328669,23.598809,25.058529,41.102008,25440,2524.41,19.0617
gemma4_26b_a4b,26.0,dolly,templated,vllm_apc_meritkv,42,24.203013,23.476923,24.929103,41.3154,25728,2515.283,19.4798
gemma4_26b_a4b,26.0,dolly,templated,vllm_no_cache,123,29.795151,28.901296,30.689006,33.561071,0,3225.456,0.0
gemma4_26b_a4b,26.0,dolly,templated,vllm_apc,123,24.100145,23.377141,24.823149,40.793145,25440,2508.603,19.1139
gemma4_26b_a4b,26.0,dolly,templated,vllm_apc_meritkv,123,23.975589,23.256321,24.694857,41.707303,25728,2499.527,19.5319
gemma4_26b_a4b,26.0,dolly,templated,vllm_no_cache,456,29.793146,28.899352,30.68694,33.563329,0,3225.154,0.0
gemma4_26b_a4b,26.0,dolly,templated,vllm_apc,456,24.102048,23.378987,24.825109,40.795716,25440,2508.734,19.102
gemma4_26b_a4b,26.0,dolly,templated,vllm_apc_meritkv,456,23.9775,23.258175,24.696825,41.70398,25728,2499.659,19.5201
gemma4_26b_a4b,26.0,dolly,templated,vllm_no_cache,789,29.957026,29.058315,30.855737,33.37972,0,3242.808,0.0
gemma4_26b_a4b,26.0,dolly,templated,vllm_apc,789,24.10395,23.380831,24.827069,40.798287,25440,2508.866,19.5382
gemma4_26b_a4b,26.0,dolly,templated,vllm_apc_meritkv,789,23.978719,23.259357,24.698081,41.701859,25728,2499.741,19.9563
gemma4_26b_a4b,26.0,dolly,templated,vllm_no_cache,999,29.78731,28.893691,30.680929,33.569905,0,3224.383,0.0
gemma4_26b_a4b,26.0,dolly,templated,vllm_apc,999,24.105149,23.381995,24.828303,40.799908,25440,2508.949,19.0758
gemma4_26b_a4b,26.0,dolly,templated,vllm_apc_meritkv,999,23.980626,23.261207,24.700045,41.698543,25728,2499.876,19.4938
gemma4_26b_a4b,26.0,samsum,rag,vllm_no_cache,42,34.085086,33.062533,35.107639,29.33714,0,3972.547,0.0
gemma4_26b_a4b,26.0,samsum,rag,vllm_apc,42,27.281372,26.462931,28.099813,36.653544,34976,3057.296,19.961
gemma4_26b_a4b,26.0,samsum,rag,vllm_apc_meritkv,42,27.142378,26.328107,27.956649,36.841244,35334,3046.393,20.3688
gemma4_26b_a4b,26.0,samsum,rag,vllm_no_cache,123,33.383529,32.382023,34.385035,29.953663,0,3903.081,0.0
gemma4_26b_a4b,26.0,samsum,rag,vllm_apc,123,27.025113,26.21436,27.835866,36.378109,34976,3038.152,19.0466
gemma4_26b_a4b,26.0,samsum,rag,vllm_apc_meritkv,123,26.887335,26.080715,27.693955,37.190705,35334,3027.31,19.4593
gemma4_26b_a4b,26.0,samsum,rag,vllm_no_cache,456,33.784265,32.770737,34.797793,29.598364,0,3949.829,0.0
gemma4_26b_a4b,26.0,samsum,rag,vllm_apc,456,27.027246,26.216429,27.838063,36.380402,34976,3038.311,20.0005
gemma4_26b_a4b,26.0,samsum,rag,vllm_apc_meritkv,456,26.889478,26.082794,27.696162,37.187742,35334,3027.47,20.4083
gemma4_26b_a4b,26.0,samsum,rag,vllm_no_cache,789,33.565526,32.55856,34.572492,29.79125,0,3924.151,0.0
gemma4_26b_a4b,26.0,samsum,rag,vllm_apc,789,27.029379,26.218498,27.84026,36.382694,34976,3038.47,19.4728
gemma4_26b_a4b,26.0,samsum,rag,vllm_apc_meritkv,789,26.890853,26.084127,27.697579,37.185841,35334,3027.57,19.8855
gemma4_26b_a4b,26.0,samsum,rag,vllm_no_cache,999,33.777742,32.76441,34.791074,29.604079,0,3948.896,0.0
gemma4_26b_a4b,26.0,samsum,rag,vllm_apc,999,27.030724,26.219802,27.841646,36.38414,34976,3038.571,19.9747
gemma4_26b_a4b,26.0,samsum,rag,vllm_apc_meritkv,999,26.892983,26.086194,27.699772,37.182895,35334,3027.732,20.3825
gemma4_26b_a4b,26.0,samsum,templated,vllm_no_cache,42,32.026497,31.065702,32.987292,31.222943,0,3654.599,0.0
gemma4_26b_a4b,26.0,samsum,templated,vllm_apc,42,25.7878,25.014166,26.561434,38.776534,34656,2829.51,19.4798
gemma4_26b_a4b,26.0,samsum,templated,vllm_apc_meritkv,42,25.655282,24.885624,26.42494,38.976828,35026,2819.332,19.8936
gemma4_26b_a4b,26.0,samsum,templated,vllm_no_cache,123,31.746144,30.79376,32.698528,31.498676,0,3634.059,0.0
gemma4_26b_a4b,26.0,samsum,templated,vllm_apc,123,25.54557,24.779203,26.311937,38.485146,34656,2811.792,19.5317
gemma4_26b_a4b,26.0,samsum,templated,vllm_apc_meritkv,123,25.414213,24.651787,26.176639,39.346547,35026,2801.671,19.9455
gemma4_26b_a4b,26.0,samsum,templated,vllm_no_cache,456,31.920978,30.963349,32.878607,31.326155,0,3653.976,0.0
gemma4_26b_a4b,26.0,samsum,templated,vllm_apc,456,25.547587,24.781159,26.314015,38.487571,34656,2811.94,19.9662
gemma4_26b_a4b,26.0,samsum,templated,vllm_apc_meritkv,456,25.415507,24.653042,26.177972,39.344542,35026,2801.763,20.3799
gemma4_26b_a4b,26.0,samsum,templated,vllm_no_cache,789,31.918849,30.961284,32.876414,31.328244,0,3653.635,0.0
gemma4_26b_a4b,26.0,samsum,templated,vllm_apc,789,25.549603,24.783115,26.316091,38.489996,34656,2812.087,19.9545
gemma4_26b_a4b,26.0,samsum,templated,vllm_apc_meritkv,789,25.417532,24.655006,26.180058,39.341408,35026,2801.912,20.3683
gemma4_26b_a4b,26.0,samsum,templated,vllm_no_cache,999,31.737769,30.785636,32.689902,31.506988,0,3632.847,0.0
gemma4_26b_a4b,26.0,samsum,templated,vllm_apc,999,25.550874,24.784348,26.3174,38.491526,34656,2812.18,19.4938
gemma4_26b_a4b,26.0,samsum,templated,vllm_apc_meritkv,999,25.419551,24.656964,26.182138,39.338283,35026,2802.063,19.9076
gemma4_26b_a4b,26.0,xsum,rag,vllm_no_cache,42,43.299157,42.000182,44.598132,23.094378,0,5571.247,0.0
gemma4_26b_a4b,26.0,xsum,rag,vllm_apc,42,34.228116,33.201273,35.254959,29.214786,30144,4234.7,20.9497
gemma4_26b_a4b,26.0,xsum,rag,vllm_apc_meritkv,42,34.058311,33.036562,35.08006,29.360443,30316,4219.994,21.3419
gemma4_26b_a4b,26.0,xsum,rag,vllm_no_cache,123,42.408125,41.135881,43.680369,23.579611,0,5473.848,0.0
gemma4_26b_a4b,26.0,xsum,rag,vllm_apc,123,33.906605,32.889407,34.923803,28.99525,30144,4208.183,20.0469
gemma4_26b_a4b,26.0,xsum,rag,vllm_apc_meritkv,123,33.738286,32.726137,34.750435,29.638942,30316,4193.56,20.4438
gemma4_26b_a4b,26.0,xsum,rag,vllm_no_cache,456,42.405248,41.133091,43.677405,23.581211,0,5473.332,0.0
gemma4_26b_a4b,26.0,xsum,rag,vllm_apc,456,33.909281,32.892003,34.926559,28.997078,30144,4208.404,20.0352
gemma4_26b_a4b,26.0,xsum,rag,vllm_apc_meritkv,456,33.740974,32.728745,34.753203,29.636581,30316,4193.782,20.4321
gemma4_26b_a4b,26.0,xsum,rag,vllm_no_cache,789,42.402374,41.130303,43.674445,23.582809,0,5472.816,0.0
gemma4_26b_a4b,26.0,xsum,rag,vllm_apc,789,33.911957,32.894598,34.929316,28.998905,30144,4208.625,20.0234
gemma4_26b_a4b,26.0,xsum,rag,vllm_apc_meritkv,789,33.743661,32.731351,34.755971,29.63422,30316,4194.004,20.4203
gemma4_26b_a4b,26.0,xsum,rag,vllm_no_cache,999,42.396902,41.124995,43.668809,23.585853,0,5472.018,0.0
gemma4_26b_a4b,26.0,xsum,rag,vllm_apc,999,33.913645,32.896236,34.931054,29.000057,30144,4208.764,20.0091
gemma4_26b_a4b,26.0,xsum,rag,vllm_apc_meritkv,999,33.745371,32.73301,34.757732,29.632719,30316,4194.146,20.406
gemma4_26b_a4b,26.0,xsum,templated,vllm_no_cache,42,42.679524,41.399138,43.95991,23.42962,0,5470.173,0.0
gemma4_26b_a4b,26.0,xsum,templated,vllm_apc,42,34.005177,32.985022,35.025332,29.406258,29344,4190.764,20.3244
gemma4_26b_a4b,26.0,xsum,templated,vllm_apc_meritkv,42,33.835711,32.82064,34.850782,29.553539,29513,4176.145,20.7214
gemma4_26b_a4b,26.0,xsum,templated,vllm_no_cache,123,42.305957,41.036778,43.575136,23.636506,0,5439.434,0.0
gemma4_26b_a4b,26.0,xsum,templated,vllm_apc,123,33.68576,32.675187,34.696333,29.185283,29344,4164.522,20.3758
gemma4_26b_a4b,26.0,xsum,templated,vllm_apc_meritkv,123,33.517777,32.512244,34.52331,29.83387,29513,4149.985,20.7729
gemma4_26b_a4b,26.0,xsum,templated,vllm_no_cache,456,42.303093,41.034,43.572186,23.638106,0,5438.922,0.0
gemma4_26b_a4b,26.0,xsum,templated,vllm_apc,456,33.688419,32.677766,34.699072,29.187122,29344,4164.741,20.3642
gemma4_26b_a4b,26.0,xsum,templated,vllm_apc_meritkv,456,33.520448,32.514835,34.526061,29.831494,29513,4150.205,20.7612
gemma4_26b_a4b,26.0,xsum,templated,vllm_no_cache,789,42.536442,41.260349,43.812535,23.508431,0,5468.779,0.0
gemma4_26b_a4b,26.0,xsum,templated,vllm_apc,789,33.691078,32.680346,34.70181,29.188962,29344,4164.959,20.7948
gemma4_26b_a4b,26.0,xsum,templated,vllm_apc_meritkv,789,33.522182,32.516517,34.527847,29.82995,29513,4150.344,21.1919
gemma4_26b_a4b,26.0,xsum,templated,vllm_no_cache,999,42.294767,41.025924,43.56361,23.64276,0,5437.616,0.0
gemma4_26b_a4b,26.0,xsum,templated,vllm_apc,999,33.692754,32.681971,34.703537,29.190122,29344,4165.097,20.3382
gemma4_26b_a4b,26.0,xsum,templated,vllm_apc_meritkv,999,33.524816,32.519072,34.53056,29.827606,29513,4150.564,20.7353
gemma4_31b,31.0,ag_news,rag,vllm_no_cache,42,59.712535,57.921159,61.503911,16.746279,0,8808.296,0.0
gemma4_31b,31.0,ag_news,rag,vllm_apc,42,48.290621,46.841902,49.73934,20.707184,25312,6849.452,19.1282
gemma4_31b,31.0,ag_news,rag,vllm_apc_meritkv,42,47.889307,46.452628,49.325986,20.88071,25606,6809.607,19.8002
gemma4_31b,31.0,ag_news,rag,vllm_no_cache,123,59.300691,57.52167,61.079712,16.862582,0,8769.681,0.0
gemma4_31b,31.0,ag_news,rag,vllm_apc,123,47.926805,46.489001,49.364609,20.582379,25312,6815.052,19.18
gemma4_31b,31.0,ag_news,rag,vllm_apc_meritkv,123,47.52826,46.102412,48.954108,21.03933,25606,6775.382,19.8521
gemma4_31b,31.0,ag_news,rag,vllm_no_cache,456,58.915315,57.147856,60.682774,16.972883,0,8712.46,0.0
gemma4_31b,31.0,ag_news,rag,vllm_apc,456,47.930581,46.492664,49.368498,20.583675,25312,6815.409,18.645
gemma4_31b,31.0,ag_news,rag,vllm_apc_meritkv,456,47.534618,46.108579,48.960657,21.036516,25606,6775.997,19.317
gemma4_31b,31.0,ag_news,rag,vllm_no_cache,789,58.91132,57.14398,60.67866,16.974034,0,8711.639,0.0
gemma4_31b,31.0,ag_news,rag,vllm_apc,789,47.934357,46.496326,49.372388,20.58497,25312,6815.766,18.633
gemma4_31b,31.0,ag_news,rag,vllm_apc_meritkv,789,47.53842,46.112267,48.964573,21.034833,25606,6776.358,19.3051
gemma4_31b,31.0,ag_news,rag,vllm_no_cache,999,59.285197,57.506641,61.063753,16.866989,0,8766.781,0.0
gemma4_31b,31.0,ag_news,rag,vllm_apc,999,47.936738,46.498636,49.37484,20.585786,25312,6815.991,19.1421
gemma4_31b,31.0,ag_news,rag,vllm_apc_meritkv,999,47.538296,46.112147,48.964445,21.034889,25606,6776.334,19.8142
gemma4_31b,31.0,ag_news,templated,vllm_no_cache,42,59.135514,57.361449,60.909579,16.909739,0,8241.736,0.0
gemma4_31b,31.0,ag_news,templated,vllm_apc,42,47.681944,46.251486,49.112402,20.971588,25184,6389.854,19.3683
gemma4_31b,31.0,ag_news,templated,vllm_apc_meritkv,42,47.28306,45.864568,48.701552,21.148506,25494,6352.436,20.0429
gemma4_31b,31.0,ag_news,templated,vllm_no_cache,123,58.401914,56.649857,60.153971,17.122146,0,8160.092,0.0
gemma4_31b,31.0,ag_news,templated,vllm_apc,123,47.322714,45.903033,48.742395,20.84519,25184,6357.762,18.9706
gemma4_31b,31.0,ag_news,templated,vllm_apc_meritkv,123,46.928772,45.520909,48.336635,21.308166,25494,6320.714,19.6451
gemma4_31b,31.0,ag_news,templated,vllm_no_cache,456,58.723762,56.962049,60.485475,17.028304,0,8204.845,0.0
gemma4_31b,31.0,ag_news,templated,vllm_apc,456,47.326442,45.906649,48.746235,20.846502,25184,6358.095,19.4084
gemma4_31b,31.0,ag_news,templated,vllm_apc_meritkv,456,46.930336,45.522426,48.338246,21.307457,25494,6320.845,20.0829
gemma4_31b,31.0,ag_news,templated,vllm_no_cache,789,58.719825,56.95823,60.48142,17.029446,0,8204.079,0.0
gemma4_31b,31.0,ag_news,templated,vllm_apc,789,47.33017,45.910265,48.750075,20.847813,25184,6358.429,19.3966
gemma4_31b,31.0,ag_news,templated,vllm_apc_meritkv,789,46.93409,45.526067,48.342113,21.305752,25494,6321.181,20.0711
gemma4_31b,31.0,ag_news,templated,vllm_no_cache,999,58.386472,56.634878,60.138066,17.126674,0,8157.368,0.0
gemma4_31b,31.0,ag_news,templated,vllm_apc,999,47.332522,45.912546,48.752498,20.848641,25184,6358.639,18.9324
gemma4_31b,31.0,ag_news,templated,vllm_apc_meritkv,999,46.938683,45.530523,48.346843,21.303667,25494,6321.603,19.6069
gemma4_31b,31.0,daily_dialog,rag,vllm_no_cache,42,61.850566,59.995049,63.706083,16.167404,0,8842.078,0.0
gemma4_31b,31.0,daily_dialog,rag,vllm_apc,42,49.82371,48.328999,51.318421,20.070025,33760,6848.783,19.445
gemma4_31b,31.0,daily_dialog,rag,vllm_apc_meritkv,42,49.407187,47.924971,50.889403,20.239223,34184,6808.704,20.1185
gemma4_31b,31.0,daily_dialog,rag,vllm_no_cache,123,61.083791,59.251277,62.916305,16.370351,0,8754.56,0.0
gemma4_31b,31.0,daily_dialog,rag,vllm_apc,123,49.448345,47.964895,50.931795,19.949061,33760,6814.387,19.0483
gemma4_31b,31.0,daily_dialog,rag,vllm_apc_meritkv,123,49.036979,47.56587,50.508088,20.392021,34184,6774.704,19.7218
gemma4_31b,31.0,daily_dialog,rag,vllm_no_cache,456,61.419858,59.577262,63.262454,16.280778,0,8802.493,0.0
gemma4_31b,31.0,daily_dialog,rag,vllm_apc,456,49.45224,47.968673,50.935807,19.950316,33760,6814.744,19.4849
gemma4_31b,31.0,daily_dialog,rag,vllm_apc_meritkv,456,49.038618,47.567459,50.509777,20.391339,34184,6774.844,20.1584
gemma4_31b,31.0,daily_dialog,rag,vllm_no_cache,789,61.415756,59.573283,63.258229,16.281866,0,8801.673,0.0
gemma4_31b,31.0,daily_dialog,rag,vllm_apc,789,49.456136,47.972452,50.93982,19.951571,33760,6815.101,19.4732
gemma4_31b,31.0,daily_dialog,rag,vllm_apc_meritkv,789,49.042541,47.571265,50.513817,20.389708,34184,6775.205,20.1466
gemma4_31b,31.0,daily_dialog,rag,vllm_no_cache,999,61.407915,59.565678,63.250152,16.283945,0,8800.403,0.0
gemma4_31b,31.0,daily_dialog,rag,vllm_apc,999,49.458592,47.974834,50.94235,19.952363,33760,6815.326,19.4589
gemma4_31b,31.0,daily_dialog,rag,vllm_apc_meritkv,999,49.04505,47.573698,50.516402,20.388665,34184,6775.436,20.1324
gemma4_31b,31.0,daily_dialog,templated,vllm_no_cache,42,60.837712,59.012581,62.662843,16.436556,0,8419.582,0.0
gemma4_31b,31.0,daily_dialog,templated,vllm_apc,42,49.147916,47.673479,50.622353,20.345979,33472,6540.176,19.2147
gemma4_31b,31.0,daily_dialog,templated,vllm_apc_meritkv,42,48.736501,47.274406,50.198596,20.517731,33916,6501.853,19.891
gemma4_31b,31.0,daily_dialog,templated,vllm_no_cache,123,60.80932,58.98504,62.6336,16.44423,0,8436.95,0.0
gemma4_31b,31.0,daily_dialog,templated,vllm_apc,123,48.777641,47.314312,50.24097,20.223351,33472,6507.329,19.7859
gemma4_31b,31.0,daily_dialog,templated,vllm_apc_meritkv,123,48.366427,46.915434,49.81742,20.674722,33916,6468.928,20.4621
gemma4_31b,31.0,daily_dialog,templated,vllm_no_cache,456,60.414253,58.601825,62.226681,16.551764,0,8381.916,0.0
gemma4_31b,31.0,daily_dialog,templated,vllm_apc,456,48.781484,47.318039,50.244929,20.224624,33472,6507.67,19.255
gemma4_31b,31.0,daily_dialog,templated,vllm_apc_meritkv,456,48.372934,46.921746,49.824122,20.671941,33916,6469.519,19.9313
gemma4_31b,31.0,daily_dialog,templated,vllm_no_cache,789,60.410165,58.59786,62.22247,16.552884,0,8381.127,0.0
gemma4_31b,31.0,daily_dialog,templated,vllm_apc,789,48.785326,47.321766,50.248886,20.225896,33472,6508.011,19.2432
gemma4_31b,31.0,daily_dialog,templated,vllm_apc_meritkv,789,48.376804,46.9255,49.828108,20.670287,33916,6469.863,19.9194
gemma4_31b,31.0,daily_dialog,templated,vllm_no_cache,999,60.40238,58.590309,62.214451,16.555017,0,8379.908,0.0
gemma4_31b,31.0,daily_dialog,templated,vllm_apc,999,48.78775,47.324117,50.251383,20.226699,33472,6508.226,19.2288
gemma4_31b,31.0,daily_dialog,templated,vllm_apc_meritkv,999,48.37928,46.927902,49.830658,20.66923,33916,6470.084,19.905
gemma4_31b,31.0,dolly,rag,vllm_no_cache,42,62.972118,61.082954,64.861282,15.879544,0,8982.869,0.0
gemma4_31b,31.0,dolly,rag,vllm_apc,42,50.616433,49.09794,52.134926,19.755808,26848,6942.645,19.6209
gemma4_31b,31.0,dolly,rag,vllm_apc_meritkv,42,50.200708,48.694687,51.706729,19.919411,27142,6902.73,20.2811
gemma4_31b,31.0,dolly,rag,vllm_no_cache,123,61.792088,59.938325,63.645851,16.182793,0,8836.846,0.0
gemma4_31b,31.0,dolly,rag,vllm_apc,123,50.235095,48.728042,51.742148,19.636738,26848,6907.777,18.703
gemma4_31b,31.0,dolly,rag,vllm_apc_meritkv,123,49.822236,48.327569,51.316903,20.070728,27142,6868.037,19.3712
gemma4_31b,31.0,dolly,rag,vllm_no_cache,456,61.787888,59.934251,63.641525,16.183893,0,8836.013,0.0
gemma4_31b,31.0,dolly,rag,vllm_apc,456,50.239052,48.73188,51.746224,19.637974,26848,6908.139,18.6911
gemma4_31b,31.0,dolly,rag,vllm_apc_meritkv,456,49.826221,48.331434,51.321008,20.069123,27142,6868.402,19.3592
gemma4_31b,31.0,dolly,rag,vllm_no_cache,789,61.783693,59.930182,63.637204,16.184992,0,8835.179,0.0
gemma4_31b,31.0,dolly,rag,vllm_apc,789,50.24301,48.73572,51.7503,19.63921,26848,6908.501,18.6792
gemma4_31b,31.0,dolly,rag,vllm_apc_meritkv,789,49.830207,48.335301,51.325113,20.067518,27142,6868.768,19.3473
gemma4_31b,31.0,dolly,rag,vllm_no_cache,999,61.775714,59.922443,63.628985,16.187082,0,8833.891,0.0
gemma4_31b,31.0,dolly,rag,vllm_apc,999,50.245505,48.73814,51.75287,19.639989,26848,6908.729,18.6646
gemma4_31b,31.0,dolly,rag,vllm_apc_meritkv,999,49.832755,48.337772,51.327738,20.066491,27142,6869.002,19.3328
gemma4_31b,31.0,dolly,templated,vllm_no_cache,42,62.671006,60.790876,64.551136,15.955842,0,9043.79,0.0
gemma4_31b,31.0,dolly,templated,vllm_apc,42,50.333888,48.823871,51.843905,19.866708,25440,6984.108,19.6855
gemma4_31b,31.0,dolly,templated,vllm_apc_meritkv,42,49.91914,48.421566,51.416714,20.031769,25728,6943.824,20.3473
gemma4_31b,31.0,dolly,templated,vllm_no_cache,123,62.238698,60.371537,64.105859,16.066671,0,9004.134,0.0
gemma4_31b,31.0,dolly,templated,vllm_apc,123,49.954679,48.456039,51.453319,19.746969,25440,6949.032,19.7369
gemma4_31b,31.0,dolly,templated,vllm_apc_meritkv,123,49.542789,48.056505,51.029073,20.18394,25728,6908.924,20.3987
gemma4_31b,31.0,dolly,templated,vllm_no_cache,456,61.834828,59.979783,63.689873,16.171609,0,8945.47,0.0
gemma4_31b,31.0,dolly,templated,vllm_apc,456,49.958614,48.459856,51.457372,19.748212,25440,6949.396,19.2064
gemma4_31b,31.0,dolly,templated,vllm_apc_meritkv,456,49.544452,48.058118,51.030786,20.183262,25728,6909.068,19.8761
gemma4_31b,31.0,dolly,templated,vllm_no_cache,789,61.830654,59.975734,63.685574,16.172701,0,8944.63,0.0
gemma4_31b,31.0,dolly,templated,vllm_apc,789,49.96255,48.463673,51.461427,19.749455,25440,6949.76,19.1945
gemma4_31b,31.0,dolly,templated,vllm_apc_meritkv,789,49.548415,48.061963,51.034867,20.181648,25728,6909.436,19.8643
gemma4_31b,31.0,dolly,templated,vllm_no_cache,999,62.222474,60.3558,64.089148,16.07086,0,9001.162,0.0
gemma4_31b,31.0,dolly,templated,vllm_apc,999,49.965031,48.46608,51.463982,19.750238,25440,6949.99,19.6994
gemma4_31b,31.0,dolly,templated,vllm_apc_meritkv,999,49.55325,48.066652,51.039848,20.179679,25728,6909.895,20.3612
gemma4_31b,31.0,samsum,rag,vllm_no_cache,42,69.409238,67.326961,71.491515,14.406801,0,10529.983,0.0
gemma4_31b,31.0,samsum,rag,vllm_apc,42,56.100806,54.417782,57.78383,17.824433,34976,8183.633,19.1739
gemma4_31b,31.0,samsum,rag,vllm_apc_meritkv,42,55.64184,53.972585,57.311095,17.97146,35334,8136.767,19.8351
gemma4_31b,31.0,samsum,rag,vllm_no_cache,123,69.377547,67.296221,71.458873,14.413382,0,10551.811,0.0
gemma4_31b,31.0,samsum,rag,vllm_apc,123,55.67815,54.007806,57.348495,17.717004,34976,8142.533,19.7462
gemma4_31b,31.0,samsum,rag,vllm_apc_meritkv,123,55.219402,53.56282,56.875984,18.108944,35334,8095.571,20.4074
gemma4_31b,31.0,samsum,rag,vllm_no_cache,456,68.926173,66.858388,70.993958,14.50777,0,10482.883,0.0
gemma4_31b,31.0,samsum,rag,vllm_apc,456,55.682536,54.01206,57.353012,17.718119,34976,8142.959,19.2142
gemma4_31b,31.0,samsum,rag,vllm_apc_meritkv,456,55.226764,53.569961,56.883567,18.10653,35334,8096.303,19.8755
gemma4_31b,31.0,samsum,rag,vllm_no_cache,789,68.921488,66.853843,70.989133,14.508756,0,10481.894,0.0
gemma4_31b,31.0,samsum,rag,vllm_apc,789,55.686922,54.016314,57.35753,17.719233,34976,8143.386,19.2024
gemma4_31b,31.0,samsum,rag,vllm_apc_meritkv,789,55.231181,53.574246,56.888116,18.105082,35334,8096.734,19.8636
gemma4_31b,31.0,samsum,rag,vllm_no_cache,999,68.912595,66.845217,70.979973,14.510629,0,10480.367,0.0
gemma4_31b,31.0,samsum,rag,vllm_apc,999,55.689688,54.018997,57.360379,17.719937,34976,8143.655,19.1879
gemma4_31b,31.0,samsum,rag,vllm_apc_meritkv,999,55.234006,53.576986,56.891026,18.104156,35334,8097.01,19.8492
gemma4_31b,31.0,samsum,templated,vllm_no_cache,42,68.420081,66.367479,70.472683,14.615055,0,10265.607,0.0
gemma4_31b,31.0,samsum,templated,vllm_apc,42,55.071592,53.419444,56.72374,18.157516,34656,7945.026,19.5096
gemma4_31b,31.0,samsum,templated,vllm_apc_meritkv,42,54.617992,52.979452,56.256532,18.308313,35026,7899.218,20.1726
gemma4_31b,31.0,samsum,templated,vllm_no_cache,123,67.948496,65.910041,69.986951,14.716489,0,10220.651,0.0
gemma4_31b,31.0,samsum,templated,vllm_apc,123,54.656689,53.016988,56.29639,18.048078,34656,7905.124,19.5616
gemma4_31b,31.0,samsum,templated,vllm_apc_meritkv,123,54.206217,52.58003,55.832404,18.447391,35026,7859.517,20.2246
gemma4_31b,31.0,samsum,templated,vllm_no_cache,456,67.943883,65.905567,69.982199,14.717488,0,10219.687,0.0
gemma4_31b,31.0,samsum,templated,vllm_apc,456,54.660995,53.021165,56.300825,18.049214,34656,7905.538,19.5498
gemma4_31b,31.0,samsum,templated,vllm_apc_meritkv,456,54.210553,52.584236,55.83687,18.445915,35026,7859.935,20.2128
gemma4_31b,31.0,samsum,templated,vllm_no_cache,789,67.939274,65.901096,69.977452,14.718486,0,10218.724,0.0
gemma4_31b,31.0,samsum,templated,vllm_apc,789,54.6653,53.025341,56.305259,18.05035,34656,7905.952,19.538
gemma4_31b,31.0,samsum,templated,vllm_apc_meritkv,789,54.214889,52.588442,55.841336,18.44444,35026,7860.354,20.201
gemma4_31b,31.0,samsum,templated,vllm_no_cache,999,67.930506,65.892591,69.968421,14.720386,0,10217.235,0.0
gemma4_31b,31.0,samsum,templated,vllm_apc,999,54.668016,53.027976,56.308056,18.051066,34656,7906.213,19.5236
gemma4_31b,31.0,samsum,templated,vllm_apc_meritkv,999,54.217662,52.591132,55.844192,18.443497,35026,7860.622,20.1866
gemma4_31b,31.0,xsum,rag,vllm_no_cache,42,105.018184,101.867638,108.16873,9.521905,0,16627.472,0.0
gemma4_31b,31.0,xsum,rag,vllm_apc,42,83.713818,81.202403,86.225233,11.945139,30080,12744.58,20.2864
gemma4_31b,31.0,xsum,rag,vllm_apc_meritkv,42,83.046028,80.554647,85.537409,12.041192,30252,12673.415,20.9222
gemma4_31b,31.0,xsum,rag,vllm_no_cache,123,104.294248,101.165421,107.423075,9.587999,0,16554.64,0.0
gemma4_31b,31.0,xsum,rag,vllm_apc,123,83.083129,80.590635,85.575623,11.873144,30080,12680.573,20.3378
gemma4_31b,31.0,xsum,rag,vllm_apc_meritkv,123,82.419943,79.947345,84.892541,12.13266,30252,12609.72,20.9736
gemma4_31b,31.0,xsum,rag,vllm_no_cache,456,104.287189,101.158573,107.415805,9.588648,0,16553.083,0.0
gemma4_31b,31.0,xsum,rag,vllm_apc,456,83.089674,80.596984,85.582364,11.873891,30080,12681.238,20.3261
gemma4_31b,31.0,xsum,rag,vllm_apc_meritkv,456,82.426533,79.953737,84.899329,12.13169,30252,12610.391,20.962
gemma4_31b,31.0,xsum,rag,vllm_no_cache,789,104.861468,101.715624,108.007312,9.536135,0,16643.796,0.0
gemma4_31b,31.0,xsum,rag,vllm_apc,789,83.096219,80.603332,85.589106,11.874638,30080,12681.902,20.7562
gemma4_31b,31.0,xsum,rag,vllm_apc_meritkv,789,82.429437,79.956554,84.90232,12.131263,30252,12610.668,21.3921
gemma4_31b,31.0,xsum,rag,vllm_no_cache,999,104.266706,101.138705,107.394707,9.590532,0,16549.119,0.0
gemma4_31b,31.0,xsum,rag,vllm_apc,999,83.100347,80.607337,85.593357,11.87511,30080,12682.321,20.3002
gemma4_31b,31.0,xsum,rag,vllm_apc_meritkv,999,82.437335,79.964215,84.910455,12.130101,30252,12611.491,20.9361
gemma4_31b,31.0,xsum,templated,vllm_no_cache,42,102.803157,99.719062,105.887252,9.727044,0,16245.909,0.0
gemma4_31b,31.0,xsum,templated,vllm_apc,42,81.206079,78.769897,83.642261,12.313989,29344,12339.364,21.0082
gemma4_31b,31.0,xsum,templated,vllm_apc_meritkv,42,80.552059,78.135497,82.968621,12.413969,29513,12269.799,21.6444
gemma4_31b,31.0,xsum,templated,vllm_no_cache,123,102.094142,99.031318,105.156966,9.794595,0,16174.694,0.0
gemma4_31b,31.0,xsum,templated,vllm_apc,123,80.594282,78.176454,83.01211,12.239772,29344,12277.392,21.0589
gemma4_31b,31.0,xsum,templated,vllm_apc_meritkv,123,79.944774,77.546431,82.343117,12.50827,29513,12208.132,21.695
gemma4_31b,31.0,xsum,templated,vllm_no_cache,456,102.087311,99.024692,105.14993,9.795251,0,16173.185,0.0
gemma4_31b,31.0,xsum,templated,vllm_apc,456,80.600631,78.182612,83.01865,12.240542,29344,12278.036,21.0474
gemma4_31b,31.0,xsum,templated,vllm_apc_meritkv,456,79.951167,77.552632,82.349702,12.50727,29513,12208.782,21.6835
gemma4_31b,31.0,xsum,templated,vllm_no_cache,789,101.423464,98.38076,104.466168,9.859363,0,16067.591,0.0
gemma4_31b,31.0,xsum,templated,vllm_apc,789,80.606981,78.188772,83.02519,12.241312,29344,12278.679,20.5243
gemma4_31b,31.0,xsum,templated,vllm_apc_meritkv,789,79.961727,77.562875,82.360579,12.505618,29513,12209.876,21.1605
gemma4_31b,31.0,xsum,templated,vllm_no_cache,999,102.067435,99.005412,105.129458,9.797158,0,16169.34,0.0
gemma4_31b,31.0,xsum,templated,vllm_apc,999,80.610985,78.192655,83.029315,12.241798,29344,12279.084,21.0218
gemma4_31b,31.0,xsum,templated,vllm_apc_meritkv,999,79.961646,77.562797,82.360495,12.505631,29513,12209.847,21.658

