"model_instance","model","dataset","engine","speedup_vs_no_cache_mean","speedup_vs_no_cache_p95","energy_reduction_vs_no_cache_pct","idle_adjusted_energy_reduction_vs_no_cache_pct","hit_rate","reuse_successes","reused_prefix_tokens_total","wasted_compute_ratio","seeds"
"google_gemma-4-12B-it","google/gemma-4-12B-it","ag_news","shadow_kv","1.00244852060822","0.967339743481842","0.420105200023306","1.25308450991817","","","","","42;123;456;789;999"
"google_gemma-4-12B-it","google/gemma-4-12B-it","ag_news","shadow_kv_plus","1.0568682945621","1.03897703186615","14.2629564233593","16.3358720089331","0.9921875","127","16256","","42;123;456;789;999"
"google_gemma-4-12B-it","google/gemma-4-12B-it","alpaca_eval","shadow_kv","1.0195681202268","0.995274382331532","-2.92774634957853","-6.37970420500949","","","","","42;123;456;789;999"
"google_gemma-4-12B-it","google/gemma-4-12B-it","alpaca_eval","shadow_kv_plus","1.07780698081945","1.09301323159638","13.3013387006266","9.57714713633393","0.9921875","127","16256","","42;123;456;789;999"
"google_gemma-4-12B-it","google/gemma-4-12B-it","banking77","shadow_kv","0.995427469478146","1.01695219878479","-0.502631915626215","-3.40301796566401","","","","","42;123;456;789;999"
"google_gemma-4-12B-it","google/gemma-4-12B-it","banking77","shadow_kv_plus","1.0513294611252","1.05633136648606","12.420310811362","13.6867796444263","0.9921875","127","16256","","42;123;456;789;999"
"google_gemma-4-12B-it","google/gemma-4-12B-it","cnn_dailymail","shadow_kv","0.97357219860304","1.00066917489227","0.0527936251460611","-0.646128420116548","","","","","42;123;456;789;999"
"google_gemma-4-12B-it","google/gemma-4-12B-it","cnn_dailymail","shadow_kv_plus","2.32723883299838","2.46664032679333","60.648415288616","64.7511271933338","0.9921875","127","16256","","42;123;456;789;999"
"google_gemma-4-12B-it","google/gemma-4-12B-it","daily_dialog","shadow_kv","1.0323596206712","1.02777218731469","2.00024422582537","-0.70636609627601","","","","","42;123;456;789;999"
"google_gemma-4-12B-it","google/gemma-4-12B-it","daily_dialog","shadow_kv_plus","1.13945458554695","1.22951981996547","14.2993909142692","17.1094111519343","0.9921875","127","16256","","42;123;456;789;999"
"google_gemma-4-12B-it","google/gemma-4-12B-it","dolly","shadow_kv","0.985854181153263","1.0293680787138","-0.139094534675322","0.614886948427724","","","","","42;123;456;789;999"
"google_gemma-4-12B-it","google/gemma-4-12B-it","dolly","shadow_kv_plus","1.13062384635161","1.28733833984039","18.253069194117","13.3770702663579","0.9921875","127","16256","","42;123;456;789;999"
"google_gemma-4-12B-it","google/gemma-4-12B-it","oasst1","shadow_kv","0.996286118110233","1.03274798508002","2.97037884620486","1.5767978440067","","","","","42;123;456;789;999"
"google_gemma-4-12B-it","google/gemma-4-12B-it","oasst1","shadow_kv_plus","1.16216032420582","1.2734878652847","16.8748137942383","19.2935295574864","0.9921875","127","16256","","42;123;456;789;999"
"google_gemma-4-12B-it","google/gemma-4-12B-it","samsum","shadow_kv","0.980592444257943","1.02200349629625","1.65103096276035","1.60442712161612","","","","","42;123;456;789;999"
"google_gemma-4-12B-it","google/gemma-4-12B-it","samsum","shadow_kv_plus","1.40856126329513","1.77186438266678","35.8519640811898","39.2358030223645","0.9921875","127","16256","","42;123;456;789;999"
"google_gemma-4-12B-it","google/gemma-4-12B-it","ultrachat","shadow_kv","1.00564435211863","0.992184752064366","-0.0596522328642812","-3.96708458043036","","","","","42;123;456;789;999"
"google_gemma-4-12B-it","google/gemma-4-12B-it","ultrachat","shadow_kv_plus","1.86313030253529","1.90152137802092","48.7958975086161","50.642069000802","0.9921875","127","16256","","42;123;456;789;999"
"google_gemma-4-12B-it","google/gemma-4-12B-it","xsum","shadow_kv","0.982008358472039","0.993351929646773","-1.41556985770354","0.125871487791835","","","","","42;123;456;789;999"
"google_gemma-4-12B-it","google/gemma-4-12B-it","xsum","shadow_kv_plus","2.10614024659134","2.22672463134126","57.1465844742398","59.7335922612519","0.9921875","127","16256","","42;123;456;789;999"
"google_gemma-4-26B-A4B-it","google/gemma-4-26B-A4B-it","ag_news","shadow_kv","1.02573264374197","1.02103985072674","1.49010030606983","1.7419612731289","","","","","42;123;456;789;999"
"google_gemma-4-26B-A4B-it","google/gemma-4-26B-A4B-it","ag_news","shadow_kv_plus","1.06987835209791","1.09038436930855","8.40495933820426","11.5709743690509","0.9921875","127","16256","","42;123;456;789;999"
"google_gemma-4-26B-A4B-it","google/gemma-4-26B-A4B-it","alpaca_eval","shadow_kv","1.02398921715461","0.988477105554067","-1.1740804232085","1.64008668600397","","","","","42;123;456;789;999"
"google_gemma-4-26B-A4B-it","google/gemma-4-26B-A4B-it","alpaca_eval","shadow_kv_plus","1.04646848483011","1.0307951162664","5.42486204461266","8.5281084251604","0.9921875","127","16256","","42;123;456;789;999"
"google_gemma-4-26B-A4B-it","google/gemma-4-26B-A4B-it","banking77","shadow_kv","1.02440661196599","1.01892741715752","-1.76453384551709","1.63554032740293","","","","","42;123;456;789;999"
"google_gemma-4-26B-A4B-it","google/gemma-4-26B-A4B-it","banking77","shadow_kv_plus","1.09463145317092","1.07105112283116","9.94092368328183","10.7833434849931","0.9921875","127","16256","","42;123;456;789;999"
"google_gemma-4-26B-A4B-it","google/gemma-4-26B-A4B-it","cnn_dailymail","shadow_kv","1.02134759773767","0.986952422562884","-4.39432784670294","0.234279343390264","","","","","42;123;456;789;999"
"google_gemma-4-26B-A4B-it","google/gemma-4-26B-A4B-it","cnn_dailymail","shadow_kv_plus","1.60839772280187","1.58183615235439","46.5881935750787","51.6750074353568","0.9921875","127","16256","","42;123;456;789;999"
"google_gemma-4-26B-A4B-it","google/gemma-4-26B-A4B-it","daily_dialog","shadow_kv","1.01852243242463","1.00273220764772","0.982203228851976","2.50501121517305","","","","","42;123;456;789;999"
"google_gemma-4-26B-A4B-it","google/gemma-4-26B-A4B-it","daily_dialog","shadow_kv_plus","1.07470402244378","1.13260349641882","12.0926079949566","14.3254560041401","0.9921875","127","16256","","42;123;456;789;999"
"google_gemma-4-26B-A4B-it","google/gemma-4-26B-A4B-it","dolly","shadow_kv","0.998899663817974","0.976961156265586","0.776363406711406","-1.34320384213723","","","","","42;123;456;789;999"
"google_gemma-4-26B-A4B-it","google/gemma-4-26B-A4B-it","dolly","shadow_kv_plus","1.0444757730225","1.13423108639697","13.2865270223727","10.5296068129238","0.9921875","127","16256","","42;123;456;789;999"
"google_gemma-4-26B-A4B-it","google/gemma-4-26B-A4B-it","oasst1","shadow_kv","0.987830950912845","0.96211471949908","0.0969243008614779","2.95492028082405","","","","","42;123;456;789;999"
"google_gemma-4-26B-A4B-it","google/gemma-4-26B-A4B-it","oasst1","shadow_kv_plus","1.06330257253064","1.12816200804589","12.6974839752678","11.8657034526233","0.9921875","127","16256","","42;123;456;789;999"
"google_gemma-4-26B-A4B-it","google/gemma-4-26B-A4B-it","samsum","shadow_kv","0.991951819279064","0.977010023302278","-1.26081408479488","0.0812565280038711","","","","","42;123;456;789;999"
"google_gemma-4-26B-A4B-it","google/gemma-4-26B-A4B-it","samsum","shadow_kv_plus","1.19541378861685","1.26070615725841","20.8284462821226","21.1101906987789","0.9921875","127","16256","","42;123;456;789;999"
"google_gemma-4-26B-A4B-it","google/gemma-4-26B-A4B-it","ultrachat","shadow_kv","0.962722029026784","0.981204547043234","-0.63363686283585","-4.10661686499868","","","","","42;123;456;789;999"
"google_gemma-4-26B-A4B-it","google/gemma-4-26B-A4B-it","ultrachat","shadow_kv_plus","1.32041835428004","1.35546228369763","35.8980993728984","41.6911649444381","0.9921875","127","16256","","42;123;456;789;999"
"google_gemma-4-26B-A4B-it","google/gemma-4-26B-A4B-it","xsum","shadow_kv","0.998994891080425","1.01593165003392","-0.0589122072074105","2.3788214611032","","","","","42;123;456;789;999"
"google_gemma-4-26B-A4B-it","google/gemma-4-26B-A4B-it","xsum","shadow_kv_plus","1.5107327904213","1.49252394599437","42.9883414163636","49.616701920262","0.9921875","127","16256","","42;123;456;789;999"
"google_gemma-4-31B-it","google/gemma-4-31B-it","ag_news","shadow_kv","1.01403897779195","0.993184709205699","-0.972011135881139","2.50985369625409","","","","","42;123;456;789;999"
"google_gemma-4-31B-it","google/gemma-4-31B-it","ag_news","shadow_kv_plus","1.1298037399548","1.15531431385333","13.2630171926093","17.4146719502676","0.9921875","127","16256","","42;123;456;789;999"
"google_gemma-4-31B-it","google/gemma-4-31B-it","alpaca_eval","shadow_kv","0.995320902662753","0.980216110601202","-1.31611431305018","3.85353989470579","","","","","42;123;456;789;999"
"google_gemma-4-31B-it","google/gemma-4-31B-it","alpaca_eval","shadow_kv_plus","1.13321628672762","1.12597443200431","15.5382201995788","18.2027209959534","0.9921875","127","16256","","42;123;456;789;999"
"google_gemma-4-31B-it","google/gemma-4-31B-it","banking77","shadow_kv","1.01604421505683","0.988433293151468","-0.271264767797354","-0.618376414520457","","","","","42;123;456;789;999"
"google_gemma-4-31B-it","google/gemma-4-31B-it","banking77","shadow_kv_plus","1.16488977662242","1.12198383529083","14.6518978608988","12.9550251309162","0.9921875","127","16256","","42;123;456;789;999"
"google_gemma-4-31B-it","google/gemma-4-31B-it","cnn_dailymail","shadow_kv","0.992173812205111","0.984514027276868","-0.574774455886889","-1.66280522745295","","","","","42;123;456;789;999"
"google_gemma-4-31B-it","google/gemma-4-31B-it","cnn_dailymail","shadow_kv_plus","2.64278457300174","2.90462625414824","64.712696805745","66.7997853485685","0.9921875","127","16256","","42;123;456;789;999"
"google_gemma-4-31B-it","google/gemma-4-31B-it","daily_dialog","shadow_kv","1.01255355367561","1.02027078697618","-3.7286335460852","0.235237912133845","","","","","42;123;456;789;999"
"google_gemma-4-31B-it","google/gemma-4-31B-it","daily_dialog","shadow_kv_plus","1.24647403279485","1.40923866080953","15.6349364727287","21.4573956243286","0.9921875","127","16256","","42;123;456;789;999"
"google_gemma-4-31B-it","google/gemma-4-31B-it","dolly","shadow_kv","1.00780233709572","1.00790912158726","-0.853760241739782","-2.33819159318871","","","","","42;123;456;789;999"
"google_gemma-4-31B-it","google/gemma-4-31B-it","dolly","shadow_kv_plus","1.22220569761077","1.42733740445135","19.3004984990089","19.5385500897328","0.9921875","127","16256","","42;123;456;789;999"
"google_gemma-4-31B-it","google/gemma-4-31B-it","oasst1","shadow_kv","0.980606881993471","1.01517421739694","1.18842757876046","-0.00931904652814908","","","","","42;123;456;789;999"
"google_gemma-4-31B-it","google/gemma-4-31B-it","oasst1","shadow_kv_plus","1.26364621261549","1.3921299129698","20.2861778999094","21.7108788093294","0.9921875","127","16256","","42;123;456;789;999"
"google_gemma-4-31B-it","google/gemma-4-31B-it","samsum","shadow_kv","1.00708689489136","1.00297847815383","-0.39554227247091","-2.39880138865713","","","","","42;123;456;789;999"
"google_gemma-4-31B-it","google/gemma-4-31B-it","samsum","shadow_kv_plus","1.47765794375383","1.81185954235299","32.8971986804948","33.0225843058665","0.9921875","127","16256","","42;123;456;789;999"
"google_gemma-4-31B-it","google/gemma-4-31B-it","ultrachat","shadow_kv","1.02504532630326","0.994259895060132","-1.06498227162736","1.90260452864029","","","","","42;123;456;789;999"
"google_gemma-4-31B-it","google/gemma-4-31B-it","ultrachat","shadow_kv_plus","2.00342845834166","2.03614173655693","47.7919443385083","51.8063045494429","0.9921875","127","16256","","42;123;456;789;999"
"google_gemma-4-31B-it","google/gemma-4-31B-it","xsum","shadow_kv","1.03155695900131","0.987985297237598","1.55460799986196","-2.79514008844902","","","","","42;123;456;789;999"
"google_gemma-4-31B-it","google/gemma-4-31B-it","xsum","shadow_kv_plus","2.42745058613214","2.61166128622565","61.1861679732131","62.1562613621963","0.9921875","127","16256","","42;123;456;789;999"
"google_gemma-4-E2B-it","google/gemma-4-E2B-it","ag_news","shadow_kv","1.01297848295643","0.981734172966214","-0.308073769232941","1.91853814322799","","","","","42;123;456;789;999"
"google_gemma-4-E2B-it","google/gemma-4-E2B-it","ag_news","shadow_kv_plus","1.11697640788232","1.05345251924159","14.127600805875","21.0613424359614","0.9921875","127","16256","","42;123;456;789;999"
"google_gemma-4-E2B-it","google/gemma-4-E2B-it","alpaca_eval","shadow_kv","1.00439522689941","0.994556272749595","1.30782604480024","1.41439326357687","","","","","42;123;456;789;999"
"google_gemma-4-E2B-it","google/gemma-4-E2B-it","alpaca_eval","shadow_kv_plus","1.08501441877493","1.07837840299067","16.2012261626448","18.0374016436553","0.9921875","127","16256","","42;123;456;789;999"
"google_gemma-4-E2B-it","google/gemma-4-E2B-it","banking77","shadow_kv","1.01373896974418","1.02018453078977","-2.16163496072713","-1.63304378449453","","","","","42;123;456;789;999"
"google_gemma-4-E2B-it","google/gemma-4-E2B-it","banking77","shadow_kv_plus","1.09170837063516","1.08352129150197","11.7076521231191","19.9720639821861","0.9921875","127","16256","","42;123;456;789;999"
"google_gemma-4-E2B-it","google/gemma-4-E2B-it","cnn_dailymail","shadow_kv","1.00246753320306","0.990919612576478","3.05520008596503","0.726153858456502","","","","","42;123;456;789;999"
"google_gemma-4-E2B-it","google/gemma-4-E2B-it","cnn_dailymail","shadow_kv_plus","1.64416079795121","1.63982071061239","52.6013321971761","63.1836675476717","0.9921875","127","16256","","42;123;456;789;999"
"google_gemma-4-E2B-it","google/gemma-4-E2B-it","daily_dialog","shadow_kv","1.01963854937233","1.0095576983178","-1.51483047824099","-2.59394690441854","","","","","42;123;456;789;999"
"google_gemma-4-E2B-it","google/gemma-4-E2B-it","daily_dialog","shadow_kv_plus","1.17153254297978","1.18367916305387","13.1355607516362","15.7993875387891","0.9921875","127","16256","","42;123;456;789;999"
"google_gemma-4-E2B-it","google/gemma-4-E2B-it","dolly","shadow_kv","0.973678087660637","0.996823234196675","-3.00055086335154","-4.04528868483252","","","","","42;123;456;789;999"
"google_gemma-4-E2B-it","google/gemma-4-E2B-it","dolly","shadow_kv_plus","1.11808421740441","1.22339627589591","12.5285236404461","14.7406752319511","0.9921875","127","16256","","42;123;456;789;999"
"google_gemma-4-E2B-it","google/gemma-4-E2B-it","oasst1","shadow_kv","0.988338900969088","0.989956200518723","4.64872551830014","1.19266464861371","","","","","42;123;456;789;999"
"google_gemma-4-E2B-it","google/gemma-4-E2B-it","oasst1","shadow_kv_plus","1.14540745562963","1.2440906900143","18.9403725910265","21.7968349689712","0.9921875","127","16256","","42;123;456;789;999"
"google_gemma-4-E2B-it","google/gemma-4-E2B-it","samsum","shadow_kv","0.978760976678592","0.965029469019405","-4.5842524188242","-5.51917891753355","","","","","42;123;456;789;999"
"google_gemma-4-E2B-it","google/gemma-4-E2B-it","samsum","shadow_kv_plus","1.26245371969161","1.40898038886917","24.4307308441339","29.5096305905085","0.9921875","127","16256","","42;123;456;789;999"
"google_gemma-4-E2B-it","google/gemma-4-E2B-it","ultrachat","shadow_kv","0.976884234709369","0.991201495614721","-1.18657655893532","-5.46538065813248","","","","","42;123;456;789;999"
"google_gemma-4-E2B-it","google/gemma-4-E2B-it","ultrachat","shadow_kv_plus","1.48549037181486","1.41670740985065","38.4247002625981","44.13628694994","0.9921875","127","16256","","42;123;456;789;999"
"google_gemma-4-E2B-it","google/gemma-4-E2B-it","xsum","shadow_kv","1.02205228656651","0.985720894369469","-1.8188047288118","-4.07352132987348","","","","","42;123;456;789;999"
"google_gemma-4-E2B-it","google/gemma-4-E2B-it","xsum","shadow_kv_plus","1.63196987301387","1.54504395563268","47.4187184528065","56.6208475250435","0.9921875","127","16256","","42;123;456;789;999"
"gpt2","gpt2","ag_news","shadow_kv","1.0866594543464","1.09452374073231","-2.45382873136645","-1.3242530285213","","","","","42;123;456;789;999"
"gpt2","gpt2","ag_news","shadow_kv_plus","0.86774445994753","0.931664968182392","-3.626739123686","-2.05658316647111","0.9921875","127","16256","","42;123;456;789;999"
"gpt2","gpt2","alpaca_eval","shadow_kv","1.03228637431669","1.04303771500783","-1.86369958886363","-15.1258238561132","","","","","42;123;456;789;999"
"gpt2","gpt2","alpaca_eval","shadow_kv_plus","0.705148262476632","0.75933969792569","-4.6928140239985","-12.7795354929933","0.9921875","127","16256","","42;123;456;789;999"
"gpt2","gpt2","banking77","shadow_kv","0.971754136364259","0.949192710718461","1.85361527561751","9.00122477459375","","","","","42;123;456;789;999"
"gpt2","gpt2","banking77","shadow_kv_plus","0.709493883811142","0.787821227299878","0.400167817629583","-2.39980313948561","0.9921875","127","16256","","42;123;456;789;999"
"gpt2","gpt2","cnn_dailymail","shadow_kv","1.0491949585612","1.06124321424191","-0.988339435640796","-3.13849883001003","","","","","42;123;456;789;999"
"gpt2","gpt2","cnn_dailymail","shadow_kv_plus","0.786731873622706","0.840410320788907","7.37837337154465","28.625919193304","0.9921875","127","16256","","42;123;456;789;999"
"gpt2","gpt2","daily_dialog","shadow_kv","1.11791607756052","1.10871744890507","0.0512882812277077","-0.85206993118673","","","","","42;123;456;789;999"
"gpt2","gpt2","daily_dialog","shadow_kv_plus","0.774155911784674","0.85801185051094","-4.88288989678188","0.933427565078818","0.9921875","127","16256","","42;123;456;789;999"
"gpt2","gpt2","dolly","shadow_kv","1.0271235937413","0.956631247364718","-2.31637523657132","-1.67564948176971","","","","","42;123;456;789;999"
"gpt2","gpt2","dolly","shadow_kv_plus","0.760881506862099","0.807250795794385","-1.79179015359862","1.58180707686104","0.9921875","127","16256","","42;123;456;789;999"
"gpt2","gpt2","oasst1","shadow_kv","0.902784820689645","0.94682863080093","-3.7384453301552","10.7514148742011","","","","","42;123;456;789;999"
"gpt2","gpt2","oasst1","shadow_kv_plus","0.703638552491934","0.819519106311473","-0.705959521163661","-5.61930349243862","0.9921875","127","16256","","42;123;456;789;999"
"gpt2","gpt2","samsum","shadow_kv","1.02930581097962","0.978079565785385","2.35253864726631","1.460579521446","","","","","42;123;456;789;999"
"gpt2","gpt2","samsum","shadow_kv_plus","0.809686752796601","0.874180755777623","2.26949497352966","1.99520518401122","0.9921875","127","16256","","42;123;456;789;999"
"gpt2","gpt2","ultrachat","shadow_kv","1.03450683004102","0.938056251303289","-2.58865880364398","-6.47367113268401","","","","","42;123;456;789;999"
"gpt2","gpt2","ultrachat","shadow_kv_plus","0.787939314932409","0.773735483067358","2.42165287224058","23.2889390162038","0.9921875","127","16256","","42;123;456;789;999"
"gpt2","gpt2","xsum","shadow_kv","0.956468443956901","0.982012038115766","-3.7293025974047","-7.52330350573726","","","","","42;123;456;789;999"
"gpt2","gpt2","xsum","shadow_kv_plus","0.813028138398995","0.850263011709261","6.2207301258271","21.8004820706818","0.9921875","127","16256","","42;123;456;789;999"
"microsoft_Phi-3-mini-4k-instruct","microsoft/Phi-3-mini-4k-instruct","ag_news","shadow_kv","0.982582729911218","0.9879548965103","-1.33857215717774","-0.823310986636172","","","","","42;123;456;789;999"
"microsoft_Phi-3-mini-4k-instruct","microsoft/Phi-3-mini-4k-instruct","ag_news","shadow_kv_plus","0.934559543347151","0.970331829981658","1.10394829239115","3.88113845597555","0.9921875","127","16256","","42;123;456;789;999"
"microsoft_Phi-3-mini-4k-instruct","microsoft/Phi-3-mini-4k-instruct","alpaca_eval","shadow_kv","0.989871491084981","0.976328318467965","0.703825940634879","-2.27134949405207","","","","","42;123;456;789;999"
"microsoft_Phi-3-mini-4k-instruct","microsoft/Phi-3-mini-4k-instruct","alpaca_eval","shadow_kv_plus","0.921470981965515","0.984174769630121","6.14779459041815","10.5326681557244","0.9921875","127","16256","","42;123;456;789;999"
"microsoft_Phi-3-mini-4k-instruct","microsoft/Phi-3-mini-4k-instruct","banking77","shadow_kv","1.01693907190821","0.993459856237809","-2.03599028103262","-6.30330430264161","","","","","42;123;456;789;999"
"microsoft_Phi-3-mini-4k-instruct","microsoft/Phi-3-mini-4k-instruct","banking77","shadow_kv_plus","0.921013128287846","0.934938857367281","3.76344163628819","6.14317431387216","0.9921875","127","16256","","42;123;456;789;999"
"microsoft_Phi-3-mini-4k-instruct","microsoft/Phi-3-mini-4k-instruct","cnn_dailymail","shadow_kv","1.06128144852019","1.03210120856046","1.55939456831583","-2.52314276308655","","","","","42;123;456;789;999"
"microsoft_Phi-3-mini-4k-instruct","microsoft/Phi-3-mini-4k-instruct","cnn_dailymail","shadow_kv_plus","0.870589149705701","0.914933154180673","-5.60930171746482","-12.6772089915845","0.9921875","127","16256","","42;123;456;789;999"
"microsoft_Phi-3-mini-4k-instruct","microsoft/Phi-3-mini-4k-instruct","daily_dialog","shadow_kv","1.0151262033469","1.00603429307038","-2.67660691048726","-3.84679042340861","","","","","42;123;456;789;999"
"microsoft_Phi-3-mini-4k-instruct","microsoft/Phi-3-mini-4k-instruct","daily_dialog","shadow_kv_plus","0.962326917749856","0.972573948808553","2.44068014302105","6.50732454402501","0.9921875","127","16256","","42;123;456;789;999"
"microsoft_Phi-3-mini-4k-instruct","microsoft/Phi-3-mini-4k-instruct","dolly","shadow_kv","0.978657483091061","0.990244327400643","1.20150369942983","-3.43803798713278","","","","","42;123;456;789;999"
"microsoft_Phi-3-mini-4k-instruct","microsoft/Phi-3-mini-4k-instruct","dolly","shadow_kv_plus","0.924504989282494","0.901300076255359","2.23080059219602","-2.27246404029106","0.9921875","127","16256","","42;123;456;789;999"
"microsoft_Phi-3-mini-4k-instruct","microsoft/Phi-3-mini-4k-instruct","oasst1","shadow_kv","0.992414935715828","1.01233606966509","0.503187678964598","0.143245923686576","","","","","42;123;456;789;999"
"microsoft_Phi-3-mini-4k-instruct","microsoft/Phi-3-mini-4k-instruct","oasst1","shadow_kv_plus","0.936001473581054","0.916477884436266","4.67698625552794","6.0592298478256","0.9921875","127","16256","","42;123;456;789;999"
"microsoft_Phi-3-mini-4k-instruct","microsoft/Phi-3-mini-4k-instruct","samsum","shadow_kv","1.00920120723194","0.993775218685112","2.14021872715453","2.24819848300061","","","","","42;123;456;789;999"
"microsoft_Phi-3-mini-4k-instruct","microsoft/Phi-3-mini-4k-instruct","samsum","shadow_kv_plus","0.93362678813064","0.854262753789178","3.59162722949241","0.32712797360982","0.9921875","127","16256","","42;123;456;789;999"
"microsoft_Phi-3-mini-4k-instruct","microsoft/Phi-3-mini-4k-instruct","ultrachat","shadow_kv","0.993753287124621","1.00656320000893","-0.367401043802306","-1.46067644746199","","","","","42;123;456;789;999"
"microsoft_Phi-3-mini-4k-instruct","microsoft/Phi-3-mini-4k-instruct","ultrachat","shadow_kv_plus","0.874397305673592","0.852634540959188","-6.67582200627987","-8.07768577231385","0.9921875","127","16256","","42;123;456;789;999"
"microsoft_Phi-3-mini-4k-instruct","microsoft/Phi-3-mini-4k-instruct","xsum","shadow_kv","0.980059981106969","1.02547325730816","-1.20896647894724","-2.84977083562256","","","","","42;123;456;789;999"
"microsoft_Phi-3-mini-4k-instruct","microsoft/Phi-3-mini-4k-instruct","xsum","shadow_kv_plus","0.855715203119288","0.858471899082233","-3.74102769055858","-3.31286343336302","0.9921875","127","16256","","42;123;456;789;999"
"Qwen_Qwen2_5-1_5B-Instruct","Qwen/Qwen2.5-1.5B-Instruct","ag_news","shadow_kv","1.02962118732161","1.01964051583147","-5.23847088000605","-2.8976508887588","","","","","42;123;456;789;999"
"Qwen_Qwen2_5-1_5B-Instruct","Qwen/Qwen2.5-1.5B-Instruct","ag_news","shadow_kv_plus","0.803306235899599","0.830423547511416","-0.435218680027872","1.06537340501235","0.9921875","127","16256","","42;123;456;789;999"
"Qwen_Qwen2_5-1_5B-Instruct","Qwen/Qwen2.5-1.5B-Instruct","alpaca_eval","shadow_kv","1.03906564032012","0.980831316111247","0.692949027945241","-0.0021740583632987","","","","","42;123;456;789;999"
"Qwen_Qwen2_5-1_5B-Instruct","Qwen/Qwen2.5-1.5B-Instruct","alpaca_eval","shadow_kv_plus","0.865441054410914","0.827151152070159","0.428439402275995","2.05450180700923","0.9921875","127","16256","","42;123;456;789;999"
"Qwen_Qwen2_5-1_5B-Instruct","Qwen/Qwen2.5-1.5B-Instruct","banking77","shadow_kv","1.00011794759328","1.05208998692643","0.10629772672999","2.76041163982741","","","","","42;123;456;789;999"
"Qwen_Qwen2_5-1_5B-Instruct","Qwen/Qwen2.5-1.5B-Instruct","banking77","shadow_kv_plus","0.833709414946889","0.860986923821664","0.574414596523276","4.86121535046137","0.9921875","127","16256","","42;123;456;789;999"
"Qwen_Qwen2_5-1_5B-Instruct","Qwen/Qwen2.5-1.5B-Instruct","cnn_dailymail","shadow_kv","1.01692176627277","1.02558071386457","-3.89505611223912","-0.0400036905474865","","","","","42;123;456;789;999"
"Qwen_Qwen2_5-1_5B-Instruct","Qwen/Qwen2.5-1.5B-Instruct","cnn_dailymail","shadow_kv_plus","0.830285013736902","0.843285269977396","-1.90726354110204","1.7474583276105","0.9921875","127","16256","","42;123;456;789;999"
"Qwen_Qwen2_5-1_5B-Instruct","Qwen/Qwen2.5-1.5B-Instruct","daily_dialog","shadow_kv","1.01209627485646","0.928942958075019","3.2533018019162","-0.341863070186801","","","","","42;123;456;789;999"
"Qwen_Qwen2_5-1_5B-Instruct","Qwen/Qwen2.5-1.5B-Instruct","daily_dialog","shadow_kv_plus","0.866720160227868","0.901371028164038","4.83574893409728","7.85606704073818","0.9921875","127","16256","","42;123;456;789;999"
"Qwen_Qwen2_5-1_5B-Instruct","Qwen/Qwen2.5-1.5B-Instruct","dolly","shadow_kv","1.00636736124794","1.02389407259666","-0.340722101947335","-4.24564658391801","","","","","42;123;456;789;999"
"Qwen_Qwen2_5-1_5B-Instruct","Qwen/Qwen2.5-1.5B-Instruct","dolly","shadow_kv_plus","0.877359225920445","0.957482140315598","1.95682409931614","2.57575719702815","0.9921875","127","16256","","42;123;456;789;999"
"Qwen_Qwen2_5-1_5B-Instruct","Qwen/Qwen2.5-1.5B-Instruct","oasst1","shadow_kv","1.01222305986021","0.99452478019483","-1.47800477628274","14.1259015622014","","","","","42;123;456;789;999"
"Qwen_Qwen2_5-1_5B-Instruct","Qwen/Qwen2.5-1.5B-Instruct","oasst1","shadow_kv_plus","0.870892027182878","0.907902882058455","0.203538152273018","3.81604055084298","0.9921875","127","16256","","42;123;456;789;999"
"Qwen_Qwen2_5-1_5B-Instruct","Qwen/Qwen2.5-1.5B-Instruct","samsum","shadow_kv","0.979682095596564","0.982665181484032","-0.922539844011302","2.22656955359301","","","","","42;123;456;789;999"
"Qwen_Qwen2_5-1_5B-Instruct","Qwen/Qwen2.5-1.5B-Instruct","samsum","shadow_kv_plus","0.849532144899246","0.865635895303391","0.0655966896231037","1.65536693513218","0.9921875","127","16256","","42;123;456;789;999"
"Qwen_Qwen2_5-1_5B-Instruct","Qwen/Qwen2.5-1.5B-Instruct","ultrachat","shadow_kv","1.03040377070228","1.00787555477022","-0.361485309457387","-7.40256066173287","","","","","42;123;456;789;999"
"Qwen_Qwen2_5-1_5B-Instruct","Qwen/Qwen2.5-1.5B-Instruct","ultrachat","shadow_kv_plus","0.882415676781109","0.83763169556257","1.41447957419815","-0.713952922624636","0.9921875","127","16256","","42;123;456;789;999"
"Qwen_Qwen2_5-1_5B-Instruct","Qwen/Qwen2.5-1.5B-Instruct","xsum","shadow_kv","1.03287410084269","0.974160545064941","-3.09715481798205","1.42832355045838","","","","","42;123;456;789;999"
"Qwen_Qwen2_5-1_5B-Instruct","Qwen/Qwen2.5-1.5B-Instruct","xsum","shadow_kv_plus","0.858295703771845","0.80278244701511","-4.0479010240094","-0.721436657351947","0.9921875","127","16256","","42;123;456;789;999"
"Qwen_Qwen2_5-14B-Instruct","Qwen/Qwen2.5-14B-Instruct","ag_news","shadow_kv","0.998698380380942","1.01205374882808","2.45092530170718","5.21065448982903","","","","","42;123;456;789;999"
"Qwen_Qwen2_5-14B-Instruct","Qwen/Qwen2.5-14B-Instruct","ag_news","shadow_kv_plus","1.06220042289212","1.07413272575872","13.2802035276194","19.3681837528974","0.9921875","127","16256","","42;123;456;789;999"
"Qwen_Qwen2_5-14B-Instruct","Qwen/Qwen2.5-14B-Instruct","alpaca_eval","shadow_kv","1.0013089970577","0.983530962670836","-0.768388177750082","0.685758968397869","","","","","42;123;456;789;999"
"Qwen_Qwen2_5-14B-Instruct","Qwen/Qwen2.5-14B-Instruct","alpaca_eval","shadow_kv_plus","1.09240753126004","1.11099004621256","11.8329207726557","13.5975461277349","0.9921875","127","16256","","42;123;456;789;999"
"Qwen_Qwen2_5-14B-Instruct","Qwen/Qwen2.5-14B-Instruct","banking77","shadow_kv","1.02030166406246","0.984273897978079","-1.21459010310925","-0.818439975768879","","","","","42;123;456;789;999"
"Qwen_Qwen2_5-14B-Instruct","Qwen/Qwen2.5-14B-Instruct","banking77","shadow_kv_plus","1.08285512792937","1.0748550920235","10.5974307082365","12.5588913841465","0.9921875","127","16256","","42;123;456;789;999"
"Qwen_Qwen2_5-14B-Instruct","Qwen/Qwen2.5-14B-Instruct","cnn_dailymail","shadow_kv","1.00564235803258","0.995574547031257","-0.816471739213766","-0.833696862683143","","","","","42;123;456;789;999"
"Qwen_Qwen2_5-14B-Instruct","Qwen/Qwen2.5-14B-Instruct","cnn_dailymail","shadow_kv_plus","0.993009075772394","0.918694892677872","2.3497067769138","3.96014780544512","0.9921875","127","16256","","42;123;456;789;999"
"Qwen_Qwen2_5-14B-Instruct","Qwen/Qwen2.5-14B-Instruct","daily_dialog","shadow_kv","0.996284105991266","1.05004803835911","-3.53251955760386","-2.27005104130108","","","","","42;123;456;789;999"
"Qwen_Qwen2_5-14B-Instruct","Qwen/Qwen2.5-14B-Instruct","daily_dialog","shadow_kv_plus","1.07182047656635","1.02554875441272","10.9773439784527","12.7966726500036","0.9921875","127","16256","","42;123;456;789;999"
"Qwen_Qwen2_5-14B-Instruct","Qwen/Qwen2.5-14B-Instruct","dolly","shadow_kv","1.01434349935668","1.03261856809949","3.14922261466083","1.8816172158023","","","","","42;123;456;789;999"
"Qwen_Qwen2_5-14B-Instruct","Qwen/Qwen2.5-14B-Instruct","dolly","shadow_kv_plus","1.05340557064016","0.968187727051441","13.26197552871","10.535330781814","0.9921875","127","16256","","42;123;456;789;999"
"Qwen_Qwen2_5-14B-Instruct","Qwen/Qwen2.5-14B-Instruct","oasst1","shadow_kv","1.0260198641983","1.00863350908132","3.04983285996999","-0.970709753607743","","","","","42;123;456;789;999"
"Qwen_Qwen2_5-14B-Instruct","Qwen/Qwen2.5-14B-Instruct","oasst1","shadow_kv_plus","1.08883737338476","0.915102110066003","12.5612202045165","12.0105286356174","0.9921875","127","16256","","42;123;456;789;999"
"Qwen_Qwen2_5-14B-Instruct","Qwen/Qwen2.5-14B-Instruct","samsum","shadow_kv","0.990891438878474","0.97317927757963","2.27427887527544","1.30483921162792","","","","","42;123;456;789;999"
"Qwen_Qwen2_5-14B-Instruct","Qwen/Qwen2.5-14B-Instruct","samsum","shadow_kv_plus","1.03904041120551","0.999964832426604","8.28676739427975","9.03187829987907","0.9921875","127","16256","","42;123;456;789;999"
"Qwen_Qwen2_5-14B-Instruct","Qwen/Qwen2.5-14B-Instruct","ultrachat","shadow_kv","0.979803321369665","1.0277608386848","0.789608618863003","2.36057949911748","","","","","42;123;456;789;999"
"Qwen_Qwen2_5-14B-Instruct","Qwen/Qwen2.5-14B-Instruct","ultrachat","shadow_kv_plus","0.982428752517307","1.0417717851766","3.92541576542398","7.85199853664116","0.9921875","127","16256","","42;123;456;789;999"
"Qwen_Qwen2_5-14B-Instruct","Qwen/Qwen2.5-14B-Instruct","xsum","shadow_kv","1.02777590721436","0.997551611314328","0.997926075505645","0.217616199658399","","","","","42;123;456;789;999"
"Qwen_Qwen2_5-14B-Instruct","Qwen/Qwen2.5-14B-Instruct","xsum","shadow_kv_plus","0.999031534047782","0.927924947422352","1.46531287632301","2.73071938211756","0.9921875","127","16256","","42;123;456;789;999"
"Qwen_Qwen2_5-32B-Instruct","Qwen/Qwen2.5-32B-Instruct","ag_news","shadow_kv","0.999767024221645","1.00809034612381","-1.20441865089087","0.773620378484119","","","","","42;123;456;789;999"
"Qwen_Qwen2_5-32B-Instruct","Qwen/Qwen2.5-32B-Instruct","ag_news","shadow_kv_plus","1.11572820071331","1.11648000531189","13.2464912406247","14.6427972745696","0.9921875","127","16256","","42;123;456;789;999"
"Qwen_Qwen2_5-32B-Instruct","Qwen/Qwen2.5-32B-Instruct","alpaca_eval","shadow_kv","1.00922745798668","1.00207795074541","2.68591195366547","1.33420888516766","","","","","42;123;456;789;999"
"Qwen_Qwen2_5-32B-Instruct","Qwen/Qwen2.5-32B-Instruct","alpaca_eval","shadow_kv_plus","1.12125877278925","1.16297777641612","13.9702892127875","13.9274516060482","0.9921875","127","16256","","42;123;456;789;999"
"Qwen_Qwen2_5-32B-Instruct","Qwen/Qwen2.5-32B-Instruct","banking77","shadow_kv","1.00739602050654","1.02275216290569","-0.693178734614611","1.07973120780039","","","","","42;123;456;789;999"
"Qwen_Qwen2_5-32B-Instruct","Qwen/Qwen2.5-32B-Instruct","banking77","shadow_kv_plus","1.15889730499142","1.15172392388123","12.3766051595399","15.0138579096714","0.9921875","127","16256","","42;123;456;789;999"
"Qwen_Qwen2_5-32B-Instruct","Qwen/Qwen2.5-32B-Instruct","cnn_dailymail","shadow_kv","0.999414191143805","0.994920522656096","1.37247813702444","-0.262785524097959","","","","","42;123;456;789;999"
"Qwen_Qwen2_5-32B-Instruct","Qwen/Qwen2.5-32B-Instruct","cnn_dailymail","shadow_kv_plus","1.05358717845255","0.975659679551232","7.1060290344786","7.58864671739771","0.9921875","127","16256","","42;123;456;789;999"
"Qwen_Qwen2_5-32B-Instruct","Qwen/Qwen2.5-32B-Instruct","daily_dialog","shadow_kv","0.993394328085254","1.0188788987509","-2.61567582437404","-1.41700859511591","","","","","42;123;456;789;999"
"Qwen_Qwen2_5-32B-Instruct","Qwen/Qwen2.5-32B-Instruct","daily_dialog","shadow_kv_plus","1.13938712336682","1.15186991003816","12.6575573622118","11.9409721668784","0.9921875","127","16256","","42;123;456;789;999"
"Qwen_Qwen2_5-32B-Instruct","Qwen/Qwen2.5-32B-Instruct","dolly","shadow_kv","1.00638704516587","1.03212454813401","-2.66123658968985","0.649128016042455","","","","","42;123;456;789;999"
"Qwen_Qwen2_5-32B-Instruct","Qwen/Qwen2.5-32B-Instruct","dolly","shadow_kv_plus","1.14892193690317","1.12784301126076","10.6376544316226","12.3224461164914","0.9921875","127","16256","","42;123;456;789;999"
"Qwen_Qwen2_5-32B-Instruct","Qwen/Qwen2.5-32B-Instruct","oasst1","shadow_kv","1.01489804269195","1.00246958787551","1.44343368316541","-0.131175633470115","","","","","42;123;456;789;999"
"Qwen_Qwen2_5-32B-Instruct","Qwen/Qwen2.5-32B-Instruct","oasst1","shadow_kv_plus","1.13320316569064","1.07859795617715","11.5532468091362","14.6994165964159","0.9921875","127","16256","","42;123;456;789;999"
"Qwen_Qwen2_5-32B-Instruct","Qwen/Qwen2.5-32B-Instruct","samsum","shadow_kv","0.972108650219039","1.00019295845109","-1.31292098597076","3.00504568987969","","","","","42;123;456;789;999"
"Qwen_Qwen2_5-32B-Instruct","Qwen/Qwen2.5-32B-Instruct","samsum","shadow_kv_plus","1.09260131616045","1.11059038748009","13.2803491376809","13.9572003751303","0.9921875","127","16256","","42;123;456;789;999"
"Qwen_Qwen2_5-32B-Instruct","Qwen/Qwen2.5-32B-Instruct","ultrachat","shadow_kv","1.01386305063011","1.00128153342469","-2.84381557086469","1.057980695609","","","","","42;123;456;789;999"
"Qwen_Qwen2_5-32B-Instruct","Qwen/Qwen2.5-32B-Instruct","ultrachat","shadow_kv_plus","1.07464500176211","1.1288491824437","7.11682854574904","13.1978228145722","0.9921875","127","16256","","42;123;456;789;999"
"Qwen_Qwen2_5-32B-Instruct","Qwen/Qwen2.5-32B-Instruct","xsum","shadow_kv","1.00299859998271","1.01156390465778","-0.599087228206414","-0.805300225643466","","","","","42;123;456;789;999"
"Qwen_Qwen2_5-32B-Instruct","Qwen/Qwen2.5-32B-Instruct","xsum","shadow_kv_plus","1.08047861574311","1.03282956328683","7.1449773949883","8.11810487588618","0.9921875","127","16256","","42;123;456;789;999"
"Qwen_Qwen2_5-3B-Instruct","Qwen/Qwen2.5-3B-Instruct","ag_news","shadow_kv","1.01548940926504","0.9866051379813","2.99871202682759","6.79902288398718","","","","","42;123;456;789;999"
"Qwen_Qwen2_5-3B-Instruct","Qwen/Qwen2.5-3B-Instruct","ag_news","shadow_kv_plus","1.00037884871698","0.958832088349178","8.24143723430294","11.8695473703887","0.9921875","127","16256","","42;123;456;789;999"
"Qwen_Qwen2_5-3B-Instruct","Qwen/Qwen2.5-3B-Instruct","alpaca_eval","shadow_kv","0.985481568730862","0.997791897997646","3.15447808586895","1.0073958319584","","","","","42;123;456;789;999"
"Qwen_Qwen2_5-3B-Instruct","Qwen/Qwen2.5-3B-Instruct","alpaca_eval","shadow_kv_plus","0.99645876791024","0.980043110822308","9.57343525230748","11.9555442459274","0.9921875","127","16256","","42;123;456;789;999"
"Qwen_Qwen2_5-3B-Instruct","Qwen/Qwen2.5-3B-Instruct","banking77","shadow_kv","1.01452162603534","0.982407681422403","-0.326412619064628","-3.75202312501565","","","","","42;123;456;789;999"
"Qwen_Qwen2_5-3B-Instruct","Qwen/Qwen2.5-3B-Instruct","banking77","shadow_kv_plus","0.976943366315115","0.972344595434101","7.73231407968479","9.20111330577116","0.9921875","127","16256","","42;123;456;789;999"
"Qwen_Qwen2_5-3B-Instruct","Qwen/Qwen2.5-3B-Instruct","cnn_dailymail","shadow_kv","0.981309409763027","0.975822694666708","-1.51617855331564","-3.5508957428142","","","","","42;123;456;789;999"
"Qwen_Qwen2_5-3B-Instruct","Qwen/Qwen2.5-3B-Instruct","cnn_dailymail","shadow_kv_plus","0.833535823869826","0.806797131166138","-1.07346797305","-2.84436723527003","0.9921875","127","16256","","42;123;456;789;999"
"Qwen_Qwen2_5-3B-Instruct","Qwen/Qwen2.5-3B-Instruct","daily_dialog","shadow_kv","1.00550529453195","0.952019234990145","-0.961254068454345","0.865962893142586","","","","","42;123;456;789;999"
"Qwen_Qwen2_5-3B-Instruct","Qwen/Qwen2.5-3B-Instruct","daily_dialog","shadow_kv_plus","0.962691933214884","0.903502099099479","6.68369712030465","11.2239961041064","0.9921875","127","16256","","42;123;456;789;999"
"Qwen_Qwen2_5-3B-Instruct","Qwen/Qwen2.5-3B-Instruct","dolly","shadow_kv","0.987000787383905","0.959118470082008","1.81500059375963","6.63347529991448","","","","","42;123;456;789;999"
"Qwen_Qwen2_5-3B-Instruct","Qwen/Qwen2.5-3B-Instruct","dolly","shadow_kv_plus","0.994985565054461","0.930174014859732","8.50813722642658","11.836757515359","0.9921875","127","16256","","42;123;456;789;999"
"Qwen_Qwen2_5-3B-Instruct","Qwen/Qwen2.5-3B-Instruct","oasst1","shadow_kv","1.00632158390881","1.01777196579837","2.33692479077626","1.37611534720164","","","","","42;123;456;789;999"
"Qwen_Qwen2_5-3B-Instruct","Qwen/Qwen2.5-3B-Instruct","oasst1","shadow_kv_plus","0.981411567339509","1.00209042476404","5.28812789498965","8.53629854679194","0.9921875","127","16256","","42;123;456;789;999"
"Qwen_Qwen2_5-3B-Instruct","Qwen/Qwen2.5-3B-Instruct","samsum","shadow_kv","1.01622216261259","1.01187917057785","0.845954716503148","-2.82420282691691","","","","","42;123;456;789;999"
"Qwen_Qwen2_5-3B-Instruct","Qwen/Qwen2.5-3B-Instruct","samsum","shadow_kv_plus","0.979607553567913","0.990578739371672","4.69806522857365","7.95476616286939","0.9921875","127","16256","","42;123;456;789;999"
"Qwen_Qwen2_5-3B-Instruct","Qwen/Qwen2.5-3B-Instruct","ultrachat","shadow_kv","0.991271372401759","0.983898907608871","0.228889978469072","-0.201820117201568","","","","","42;123;456;789;999"
"Qwen_Qwen2_5-3B-Instruct","Qwen/Qwen2.5-3B-Instruct","ultrachat","shadow_kv_plus","0.958004437808169","0.892152969722644","-0.0873018535452365","2.33605354679099","0.9921875","127","16256","","42;123;456;789;999"
"Qwen_Qwen2_5-3B-Instruct","Qwen/Qwen2.5-3B-Instruct","xsum","shadow_kv","0.997438754488397","1.01423852248823","-3.05486641815627","-1.84141179682686","","","","","42;123;456;789;999"
"Qwen_Qwen2_5-3B-Instruct","Qwen/Qwen2.5-3B-Instruct","xsum","shadow_kv_plus","0.881743180723604","0.837668669601157","-1.39535428776815","-0.501424849049733","0.9921875","127","16256","","42;123;456;789;999"
"Qwen_Qwen2_5-7B-Instruct","Qwen/Qwen2.5-7B-Instruct","ag_news","shadow_kv","0.993387234755763","0.995352240067456","-5.01666875730313","8.28078550383719","","","","","42;123;456;789;999"
"Qwen_Qwen2_5-7B-Instruct","Qwen/Qwen2.5-7B-Instruct","ag_news","shadow_kv_plus","1.01853747608464","1.04549397613756","7.0721563884733","27.7045866804438","0.9921875","127","16256","","42;123;456;789;999"
"Qwen_Qwen2_5-7B-Instruct","Qwen/Qwen2.5-7B-Instruct","alpaca_eval","shadow_kv","0.979864031137734","1.00185391598378","-3.71006601721083","-2.48625465373649","","","","","42;123;456;789;999"
"Qwen_Qwen2_5-7B-Instruct","Qwen/Qwen2.5-7B-Instruct","alpaca_eval","shadow_kv_plus","1.02794015135167","1.03918084368492","5.7327721053412","5.0267825090199","0.9921875","127","16256","","42;123;456;789;999"
"Qwen_Qwen2_5-7B-Instruct","Qwen/Qwen2.5-7B-Instruct","banking77","shadow_kv","1.01181617723259","1.01026604312528","-2.26513498383894","1.22273472300888","","","","","42;123;456;789;999"
"Qwen_Qwen2_5-7B-Instruct","Qwen/Qwen2.5-7B-Instruct","banking77","shadow_kv_plus","1.04004967424186","1.02917211699294","11.432154572722","17.410649416475","0.9921875","127","16256","","42;123;456;789;999"
"Qwen_Qwen2_5-7B-Instruct","Qwen/Qwen2.5-7B-Instruct","cnn_dailymail","shadow_kv","1.0111183800756","1.00385387019929","-0.0801758370766217","-0.375197672947026","","","","","42;123;456;789;999"
"Qwen_Qwen2_5-7B-Instruct","Qwen/Qwen2.5-7B-Instruct","cnn_dailymail","shadow_kv_plus","1.01357376806585","1.00575075573272","0.326077128490419","3.05749260348246","0.9921875","127","16256","","42;123;456;789;999"
"Qwen_Qwen2_5-7B-Instruct","Qwen/Qwen2.5-7B-Instruct","daily_dialog","shadow_kv","0.987156822716803","1.00012976470361","4.39259795377339","-0.566828629350045","","","","","42;123;456;789;999"
"Qwen_Qwen2_5-7B-Instruct","Qwen/Qwen2.5-7B-Instruct","daily_dialog","shadow_kv_plus","1.0076089013492","1.02629711498505","10.5102617587568","8.1887439831539","0.9921875","127","16256","","42;123;456;789;999"
"Qwen_Qwen2_5-7B-Instruct","Qwen/Qwen2.5-7B-Instruct","dolly","shadow_kv","1.00005366632636","0.9911949966314","1.8361258287294","-0.688582162211623","","","","","42;123;456;789;999"
"Qwen_Qwen2_5-7B-Instruct","Qwen/Qwen2.5-7B-Instruct","dolly","shadow_kv_plus","1.0317014465267","1.02508333446496","10.009323470445","8.56828589342378","0.9921875","127","16256","","42;123;456;789;999"
"Qwen_Qwen2_5-7B-Instruct","Qwen/Qwen2.5-7B-Instruct","oasst1","shadow_kv","1.03093377420556","1.00706819671755","-0.57770553219134","-1.70754557016893","","","","","42;123;456;789;999"
"Qwen_Qwen2_5-7B-Instruct","Qwen/Qwen2.5-7B-Instruct","oasst1","shadow_kv_plus","1.02504221164005","0.983705287594393","10.9657025609452","12.478441803569","0.9921875","127","16256","","42;123;456;789;999"
"Qwen_Qwen2_5-7B-Instruct","Qwen/Qwen2.5-7B-Instruct","samsum","shadow_kv","1.00037007245771","1.01201216610717","1.79767386616496","4.88828640099651","","","","","42;123;456;789;999"
"Qwen_Qwen2_5-7B-Instruct","Qwen/Qwen2.5-7B-Instruct","samsum","shadow_kv_plus","1.02207830661458","1.00718342308007","9.2951161965928","9.88339761916277","0.9921875","127","16256","","42;123;456;789;999"
"Qwen_Qwen2_5-7B-Instruct","Qwen/Qwen2.5-7B-Instruct","ultrachat","shadow_kv","1.00798920340448","1.03595103063287","-1.3790126354937","-0.0825995748955801","","","","","42;123;456;789;999"
"Qwen_Qwen2_5-7B-Instruct","Qwen/Qwen2.5-7B-Instruct","ultrachat","shadow_kv_plus","1.0242693109435","1.01566077569786","6.07737927524128","8.83218817134408","0.9921875","127","16256","","42;123;456;789;999"
"Qwen_Qwen2_5-7B-Instruct","Qwen/Qwen2.5-7B-Instruct","xsum","shadow_kv","0.988729224347037","0.996617954726277","0.206471269527874","3.05081674907682","","","","","42;123;456;789;999"
"Qwen_Qwen2_5-7B-Instruct","Qwen/Qwen2.5-7B-Instruct","xsum","shadow_kv_plus","0.976546774121005","1.00298491368921","2.35252352940175","2.89522953480615","0.9921875","127","16256","","42;123;456;789;999"
"TinyLlama_TinyLlama-1_1B-Chat-v1_0","TinyLlama/TinyLlama-1.1B-Chat-v1.0","ag_news","shadow_kv","0.972966582297091","0.982806183179825","-1.84576022958043","-3.96240318687431","","","","","42;123;456;789;999"
"TinyLlama_TinyLlama-1_1B-Chat-v1_0","TinyLlama/TinyLlama-1.1B-Chat-v1.0","ag_news","shadow_kv_plus","0.858583268247183","0.895284809072666","-3.27038864580139","-7.72959298215759","0.9921875","127","16256","","42;123;456;789;999"
"TinyLlama_TinyLlama-1_1B-Chat-v1_0","TinyLlama/TinyLlama-1.1B-Chat-v1.0","alpaca_eval","shadow_kv","1.00957300186073","0.962811194626017","-1.3949149620228","-6.59524448945895","","","","","42;123;456;789;999"
"TinyLlama_TinyLlama-1_1B-Chat-v1_0","TinyLlama/TinyLlama-1.1B-Chat-v1.0","alpaca_eval","shadow_kv_plus","0.834337129165223","0.855897253986339","0.460186741202179","0.842253201616617","0.9921875","127","16256","","42;123;456;789;999"
"TinyLlama_TinyLlama-1_1B-Chat-v1_0","TinyLlama/TinyLlama-1.1B-Chat-v1.0","banking77","shadow_kv","0.987925639780741","0.993146342645188","-0.419719823524937","-1.22399101380531","","","","","42;123;456;789;999"
"TinyLlama_TinyLlama-1_1B-Chat-v1_0","TinyLlama/TinyLlama-1.1B-Chat-v1.0","banking77","shadow_kv_plus","0.871247557019862","0.909374471771569","-3.56676255081456","1.3686300662859","0.9921875","127","16256","","42;123;456;789;999"
"TinyLlama_TinyLlama-1_1B-Chat-v1_0","TinyLlama/TinyLlama-1.1B-Chat-v1.0","cnn_dailymail","shadow_kv","0.998389951448379","1.00282143379075","-0.344520798071316","0.839509947389228","","","","","42;123;456;789;999"
"TinyLlama_TinyLlama-1_1B-Chat-v1_0","TinyLlama/TinyLlama-1.1B-Chat-v1.0","cnn_dailymail","shadow_kv_plus","0.80844484651636","0.833213348044593","-11.979454018617","-14.4280799736484","0.9921875","127","16256","","42;123;456;789;999"
"TinyLlama_TinyLlama-1_1B-Chat-v1_0","TinyLlama/TinyLlama-1.1B-Chat-v1.0","daily_dialog","shadow_kv","0.998612149349187","0.967023986192128","1.2158354353093","-3.84667569172822","","","","","42;123;456;789;999"
"TinyLlama_TinyLlama-1_1B-Chat-v1_0","TinyLlama/TinyLlama-1.1B-Chat-v1.0","daily_dialog","shadow_kv_plus","0.822634359201246","0.826180397248558","-3.82737774076729","-5.00790254741294","0.9921875","127","16256","","42;123;456;789;999"
"TinyLlama_TinyLlama-1_1B-Chat-v1_0","TinyLlama/TinyLlama-1.1B-Chat-v1.0","dolly","shadow_kv","1.01423240614094","0.995170739303072","-0.885906967529109","1.37222545725719","","","","","42;123;456;789;999"
"TinyLlama_TinyLlama-1_1B-Chat-v1_0","TinyLlama/TinyLlama-1.1B-Chat-v1.0","dolly","shadow_kv_plus","0.870825533761284","0.8783571655017","-1.09189867768521","-8.85158221856394","0.9921875","127","16256","","42;123;456;789;999"
"TinyLlama_TinyLlama-1_1B-Chat-v1_0","TinyLlama/TinyLlama-1.1B-Chat-v1.0","oasst1","shadow_kv","0.993602158367979","1.0164759882019","1.19347538394884","-3.82135543573518","","","","","42;123;456;789;999"
"TinyLlama_TinyLlama-1_1B-Chat-v1_0","TinyLlama/TinyLlama-1.1B-Chat-v1.0","oasst1","shadow_kv_plus","0.849806094255701","0.84447250194989","-0.522465968838686","-7.00570412527938","0.9921875","127","16256","","42;123;456;789;999"
"TinyLlama_TinyLlama-1_1B-Chat-v1_0","TinyLlama/TinyLlama-1.1B-Chat-v1.0","samsum","shadow_kv","0.99354643305298","0.971211238550665","-3.90023134510132","-9.49231374047263","","","","","42;123;456;789;999"
"TinyLlama_TinyLlama-1_1B-Chat-v1_0","TinyLlama/TinyLlama-1.1B-Chat-v1.0","samsum","shadow_kv_plus","0.827633806734648","0.814463665333985","-11.0782614504602","-11.6061468095809","0.9921875","127","16256","","42;123;456;789;999"
"TinyLlama_TinyLlama-1_1B-Chat-v1_0","TinyLlama/TinyLlama-1.1B-Chat-v1.0","ultrachat","shadow_kv","0.977097232886604","0.981904260098604","-3.07183518281765","-4.1193280918019","","","","","42;123;456;789;999"
"TinyLlama_TinyLlama-1_1B-Chat-v1_0","TinyLlama/TinyLlama-1.1B-Chat-v1.0","ultrachat","shadow_kv_plus","0.779588047307226","0.812909158681728","-8.98670586334825","-9.74683924023025","0.9921875","127","16256","","42;123;456;789;999"
"TinyLlama_TinyLlama-1_1B-Chat-v1_0","TinyLlama/TinyLlama-1.1B-Chat-v1.0","xsum","shadow_kv","1.03141802548211","1.00284633023683","-3.54092570436188","-1.80322026938222","","","","","42;123;456;789;999"
"TinyLlama_TinyLlama-1_1B-Chat-v1_0","TinyLlama/TinyLlama-1.1B-Chat-v1.0","xsum","shadow_kv_plus","0.816510267593515","0.81189798779822","-14.8125319313169","-15.6388550769497","0.9921875","127","16256","","42;123;456;789;999"
